#{"t_start": 1759989829.561061, "env_id": "None"}
r,l,t
4763.460787,109,2.474969
671.423404,22,3.058997
2902.129786,45,3.798522
2359.99574,43,4.502787
4871.999967,70,5.504851
-34.174875,10,5.979395
3113.224648,73,7.541006
598.463239,19,8.101586
1633.983233,56,9.187249
940.53839,23,9.756123
4946.34898,123,11.395588
1009.977114,67,12.301014
2556.518746,75,13.203667
1313.823828,30,13.688295
1635.266652,31,14.177722
2442.622251,84,15.1754
327.896772,19,15.656511
1536.067736,30,16.167455
5483.770091,100,17.556122
895.378684,22,18.064093
73.995449,26,18.655133
834.684263,45,19.416447
2858.971394,90,20.699592
485.11136,19,21.209433
-5.412572,14,21.604843
2377.612022,36,22.285056
1446.953382,45,23.033689
326.035179,18,23.481916
918.558468,23,23.95622
1559.95701,53,24.895957
291.518874,34,25.517843
956.849676,56,26.530952
244.799161,18,26.948435
5645.91113,99,28.416466
265.607717,27,29.07966
3718.77572,86,30.506589
3133.192424,71,31.825396
-208.816728,13,32.238754
3320.532824,57,33.323112
203.455133,16,33.759675
-15021.415357,161,36.913548
-18601.757078,40,38.107695
-12125.718936,58,39.563082
-2740.229367,26,40.417267
-2755.219133,26,41.284676
-4950.442624,30,42.100644
-4943.081558,30,42.851474
-2323.252182,31,43.560419
9047.344553,47,44.577687
9049.826541,47,45.693267
3622.574674,65,47.011301
3447.699957,54,48.52669
3451.705824,54,49.859114
3435.935293,54,51.039559
9051.002791,47,52.420413
3637.53911,65,54.296779
3458.746132,54,55.637079
3462.912658,54,56.69287
3694.846715,65,58.249779
3444.825562,54,59.577331
9050.936225,47,60.601755
3632.086269,65,61.856031
3433.792811,54,62.883952
3430.115139,54,63.861978
3625.297118,63,64.994614
1907.494159,29,65.65734
3647.433512,63,66.809483
4431.744414,119,69.166346
4062.450021,75,70.853785
3273.88057,135,73.740614
3075.033538,46,74.690638
9051.812345,47,75.62237
2004.457127,30,76.451152
2821.323635,42,77.462093
2469.070217,39,78.462431
4342.061145,90,80.270638
4910.778528,114,82.322642
1980.218626,32,83.226548
4304.7569,81,84.92405
1578.127279,29,85.68788
4877.76616,172,88.765963
5593.443815,116,90.970566
1825.520382,31,91.723104
4720.656223,94,93.37865
1879.866907,31,94.066942
1993.596056,32,94.784132
5037.66907,98,96.474333
5330.375547,217,100.220266
5774.775838,207,103.591674
5005.396384,118,105.536499
5073.900134,121,107.610722
10400.822281,89,109.252416
5130.982719,121,111.622228
9955.094272,63,112.86468
1423.485937,32,113.682667
4458.686353,252,117.69383
4479.222895,68,118.883197
2719.213654,252,123.488701
4832.809568,90,125.290251
3125.268906,42,126.128559
6161.343335,252,130.267505
5520.89936,252,134.455291
4263.38458,68,135.732212
4019.831664,62,136.803644
5650.061719,252,141.266543
3511.669373,252,145.542367
11924.028743,225,149.039477
4160.945601,60,150.209997
11013.150606,243,154.435736
5902.733697,252,159.388909
11283.089454,112,161.330586
4514.684454,252,166.235144
3292.415345,252,170.989706
3823.442582,252,176.334638
3348.492912,252,180.607272
2317.402899,47,181.560573
9261.953422,56,182.522455
9483.356557,60,183.644118
3913.622292,252,188.304221
5310.05159,252,193.038799
2897.169207,62,194.644449
10461.939488,79,196.127632
3630.60048,252,202.003375
4288.397954,252,207.207984
11311.979723,148,210.761649
5032.196758,207,215.129602
9698.554311,68,216.487168
3976.041124,252,220.97725
5199.783096,252,225.554472
4834.990811,252,231.03773
1132.131348,25,231.838669
1480.728328,30,232.662978
9632.327268,61,234.056187
1819.769273,35,234.783629
5451.432942,185,238.40472
9762.724498,68,239.663808
9643.808852,62,240.907743
9819.525649,71,242.3878
1707.201525,32,243.106495
12070.619929,194,246.503009
9683.131479,61,247.76725
9793.776576,69,249.144365
1603.053654,38,250.067278
10508.159271,76,251.557379
10311.0248,77,253.190728
9585.616519,59,254.475114
3253.970445,252,259.164036
5635.078848,252,263.320223
5130.170707,252,267.350429
9512.381665,63,268.465847
1434.236595,34,269.273217
1378.850059,30,270.021849
9216.669827,53,271.056268
9253.677348,56,272.130946
3405.398493,252,276.909649
9542.05924,59,278.136456
701.965538,18,278.641888
9720.696876,62,279.956971
10154.073419,71,281.266646
4141.423288,252,286.805434
4102.997865,252,293.167493
10479.024316,78,295.312122
9616.212543,61,296.858031
9258.024767,56,298.512647
9429.47755,59,299.769592
9486.677899,57,300.879874
10145.643673,74,302.365176
10178.884643,71,303.902175
9487.738398,59,305.078769
10314.734263,73,306.453835
9553.893419,60,307.690674
3615.712254,252,312.163912
9335.298347,57,313.545009
4289.493024,102,315.619634
9329.609062,53,316.73741
10186.445282,246,321.109847
3931.498302,249,325.390662
1357.946905,31,326.115601
9255.316356,54,327.290124
3987.986277,252,331.454534
1165.915605,28,332.170336
946.858376,22,332.785345
10244.495153,74,334.277002
4656.455666,123,336.419312
3697.967922,94,338.448539
10053.242021,73,339.988585
4679.770832,153,342.735175
4929.830933,252,348.605752
2949.8522,42,349.784628
2868.32223,41,350.815173
3463.241752,52,351.914765
418.430582,15,352.429181
5515.921159,127,354.705178
4357.81235,131,356.978654
6609.260801,252,361.307578
1774.786835,41,362.367414
5100.501387,252,367.301947
11721.259689,130,369.78791
5251.462537,179,372.974826
4974.397449,252,377.686445
12099.111787,190,381.162409
1452.456729,32,381.918821
1100.501615,28,382.54745
10691.641946,79,384.027432
788.984861,20,384.651507
10972.060432,245,389.039652
4451.912833,109,391.379961
3327.552469,50,392.49038
2966.919071,45,393.560494
9265.225748,58,394.828131
5492.130763,173,398.897912
3355.464348,238,404.858281
4979.040601,252,409.753292
9655.547881,62,411.129962
4502.739735,195,415.286722
9655.229828,64,416.721399
10440.209675,76,418.309918
10806.695664,82,420.061729
561.792359,18,420.654533
4125.055291,223,425.045646
9742.718246,63,426.396724
10802.657938,81,428.061325
4708.768897,252,433.348313
9716.074156,64,435.195958
3733.658515,230,439.889349
3943.387156,218,445.093381
10659.201359,95,447.47714
10742.058602,82,449.401172
3700.351285,252,454.586297
4786.58682,252,459.605914
5698.517395,252,464.848533
9231.485609,54,466.045338
10705.745737,79,467.754734
4380.676883,214,471.940668
9252.564774,55,473.192636
4130.095568,220,477.929864
9660.726731,64,479.577012
9465.899712,59,480.941869
938.25975,22,481.602433
2371.689293,138,484.475248
9375.892952,57,485.861545
5010.115355,252,490.918133
4335.205668,252,497.169497
4254.610615,128,500.691826
9959.788403,68,502.393794
9412.822382,60,503.809742
9626.380467,64,505.281237
5984.559791,252,510.621999
4973.785707,241,515.668926
10461.076858,73,517.527219
9335.617511,58,518.905197
3493.870349,252,524.152014
4151.315569,216,529.314379
4771.286013,252,534.444583
11079.047454,86,536.396138
9358.327014,57,537.803768
9225.660201,58,539.305458
9500.999733,61,540.684599
10644.121022,78,542.281413
9897.66196,67,543.839916
12143.957357,207,548.335161
4968.747512,179,552.167739
3607.199768,252,557.951157
9617.634048,60,559.407021
11448.390685,216,564.471141
9270.780218,58,565.840925
5212.409035,252,571.100035
9568.254938,64,572.572113
9515.480494,63,574.014612
9478.488769,64,575.48097
4933.605181,252,580.855973
9477.961078,62,582.273042
10748.809507,96,584.412374
5831.559507,252,591.390996
9537.177925,62,593.154413
10105.952281,71,594.912665
5470.85861,252,600.814026
6238.930144,252,608.250747
10299.484792,77,610.846147
3636.02788,252,616.438469
10612.885578,102,618.703573
9675.82747,64,620.674466
4922.188793,252,625.996785
10299.928693,71,627.661863
9406.692914,59,629.040961
4588.892095,252,634.47654
9836.612412,68,636.06972
10769.903757,101,638.365769
10624.509708,78,640.081644
9810.383143,66,641.558243
9759.383815,66,643.035286
4231.510619,122,645.592815
10715.743616,239,650.63702
9410.246497,60,652.407746
9841.55116,67,653.931751
3944.890296,252,658.944951
6252.585961,252,664.452315
3262.337628,139,667.376143
9691.403971,65,668.8593
9402.854084,59,670.288068
6107.23906,252,675.870302
9962.320239,70,677.590918
10088.144158,73,679.353125
11535.070451,129,682.451953
10446.367137,74,684.427042
6425.536482,252,688.888511
5496.011237,252,693.407143
4872.051251,207,697.37535
-5548.057803,252,701.881191
10224.681389,77,703.366283
4822.57725,168,706.347258
9991.60825,72,707.756688
5881.206954,252,712.417012
9552.361786,63,714.002698
5764.175892,252,718.735445
5191.10334,252,723.239503
10494.507164,75,724.760798
9374.303329,62,726.158789
5175.623735,252,730.609844
2558.088207,60,731.834716
10786.247819,80,733.363388
4484.410317,141,735.87165
4172.112912,252,740.570104
10004.686322,72,742.026731
6146.503229,252,746.979137
4633.445879,93,748.947964
4582.879621,108,751.152236
4487.054017,77,752.635244
10533.970424,250,757.321945
9595.178057,64,758.703619
10786.526803,80,760.333667
10695.905803,81,761.936142
10737.961211,247,766.359177
4605.435675,147,769.080665
5663.199641,252,773.418808
10968.722406,83,775.017088
9973.529794,72,776.673693
4416.532435,96,778.733584
3255.196523,51,779.897269
11504.568983,120,782.199443
4025.950223,90,783.877862
9283.481336,59,785.083283
4544.771748,252,790.102396
9923.863443,66,791.500821
10116.732108,75,793.000782
4945.934911,146,795.817807
10761.521779,84,797.584193
6265.519672,252,802.3331
4803.375338,252,807.082908
4956.413331,117,810.316391
9980.259473,67,812.702114
5831.173649,252,819.808732
10095.438004,75,822.06705
4419.048181,120,825.758654
10163.749552,79,827.799766
10749.761506,79,829.939575
9610.411196,60,831.454462
10506.722982,75,833.283778
1506.739249,28,834.125624
9830.434192,65,835.754886
10441.340061,247,841.962328
10157.062652,72,843.634943
4239.591932,189,847.811353
9657.326622,67,849.600721
9507.208838,64,851.20351
9483.570282,65,853.102411
9720.78646,70,854.911227
10066.107535,75,856.578023
10601.003288,79,859.071847
9488.772157,62,860.983629
4362.00624,90,863.405076
10846.206293,85,865.837572
9618.427146,61,867.87413
4439.020256,73,870.241155
5421.548309,252,876.963695
10737.407359,78,879.004614
9548.878581,64,880.74416
4364.87927,200,885.574465
12047.471043,176,889.531192
10105.844371,76,891.343957
4071.295927,252,897.76163
10228.260866,77,899.598108
9790.163154,63,901.228361
10132.057178,72,903.390485
10038.739267,74,905.679076
5680.699966,252,912.150008
1146.265352,24,912.969134
10679.967391,78,915.199983
4392.458918,103,918.380288
9984.670465,73,920.216249
10147.975215,75,922.15952
9531.826534,59,924.013689
10263.713478,75,926.552983
6181.082428,137,930.100326
9908.561788,66,931.75702
9577.980021,63,933.659675
9896.037501,70,935.681571
10021.153921,73,937.514529
4504.554479,91,939.719658
9931.65847,74,941.585376
10595.976099,83,943.473173
9647.353777,61,945.144605
4160.846923,88,947.200372
4807.652641,75,948.941675
9724.033271,61,950.413629
9776.765708,63,951.906017
10586.208496,79,953.750235
9770.281748,64,955.242569
9961.009137,66,956.767264
1379.896477,29,957.606602
9966.411524,72,959.256557
9876.116331,73,960.888047
10086.527693,74,962.55055
9579.690472,67,964.207364
9726.849269,69,966.118149
10552.963926,78,967.902802
9681.515103,62,969.384737
3634.038236,66,970.995874
9937.832323,70,972.605556
9624.928525,60,974.037792
9800.275618,64,975.477475
899.115589,21,976.170503
9525.487927,59,977.694773
5641.557027,252,983.51276
5071.726539,124,986.455897
11193.249016,96,988.901084
10076.551568,75,991.225678
661.3957,18,992.252492
9736.07435,71,994.11796
10036.974931,69,996.543204
10811.148723,82,998.742371
10046.711662,73,1000.867731
9544.307239,66,1002.702363
10023.58773,74,1004.853781
4452.951988,252,1010.362268
9891.342134,69,1011.981422
10502.917895,77,1013.708376
10555.011364,82,1015.601711
9628.352784,70,1017.242499
9777.293761,72,1018.913542
5524.372136,178,1022.860849
4705.174971,252,1028.576776
11624.724129,124,1031.296578
10203.649302,73,1032.964886
9683.968248,68,1034.479475
3979.794462,69,1036.267621
4660.579163,126,1039.14187
525.949612,17,1039.707889
895.123199,22,1040.369369
6020.610779,146,1043.511495
10042.830973,68,1045.072717
11474.880585,104,1047.367022
5792.313743,161,1051.022929
378.684182,15,1051.562108
10166.295361,70,1053.21992
5968.628102,252,1058.835228
562.802818,19,1059.456596
10209.738418,75,1061.15793
10886.769628,84,1063.10027
9620.022365,68,1064.671074
10423.994445,78,1066.637023
9966.215368,74,1068.631504
4658.601225,140,1071.946979
9846.991188,67,1073.583954
9949.773105,71,1075.320768
10638.049147,78,1077.229516
11046.706529,85,1079.183956
11029.59876,86,1081.16696
1993.251644,44,1082.287862
9698.524742,69,1083.861838
10693.070592,81,1085.72377
661.194275,19,1086.312119
10028.24754,81,1088.464225
10582.02792,92,1090.661299
10256.664322,92,1092.667172
9696.499502,72,1094.300771
4322.191296,66,1095.846558
10101.985857,74,1097.733658
11018.70728,94,1100.153579
10115.600783,76,1101.862383
9887.694801,66,1103.394333
10051.065192,73,1105.076253
10041.54677,68,1106.668469
10035.093908,73,1108.375806
9562.511886,67,1110.03133
3421.347494,252,1115.202214
10030.878637,68,1116.736242
10971.129514,94,1119.100551
9592.465337,66,1120.802409
9801.089963,64,1122.359516
732.409466,19,1123.108142
4354.087959,252,1128.464291
10883.127777,86,1130.52301
10142.334841,74,1132.466002
10595.156911,77,1134.53816
10845.263958,82,1136.494282
9464.993809,66,1138.025543
10285.464554,75,1139.749843
10712.64932,81,1141.591995
11350.897849,136,1144.391982
9880.851224,66,1145.771769
3306.41507,48,1146.871039
9998.25763,68,1148.342674
667.77789,19,1149.147646
9988.165699,69,1150.884496
570.720178,18,1151.431091
9951.986341,67,1152.86211
11073.045583,93,1154.802402
10514.28211,86,1156.602747
10097.574998,71,1158.211417
3997.400808,252,1163.073996
9771.069201,64,1164.389054
9623.533283,71,1165.812809
11216.851553,97,1167.773839
4219.559779,252,1172.441655
10044.458437,79,1174.084598
10136.556812,73,1175.753238
9537.789588,64,1177.169242
10108.398607,69,1178.644725
11210.116572,150,1181.878932
3671.289831,65,1183.298567
11233.160122,219,1187.754761
711.041467,21,1188.488985
4494.939116,108,1190.954493
11085.218613,88,1192.875251
10894.088971,82,1194.721169
10006.407661,83,1196.544577
9379.351804,62,1198.019338
3500.509284,252,1203.155037
11748.530506,175,1206.907172
4207.922628,119,1209.513108
4351.074099,252,1214.772711
5205.062376,148,1217.677726
9656.134923,68,1219.293286
10495.023786,90,1221.132904
12001.073068,160,1224.133973
4757.997519,226,1228.247377
3870.794961,252,1233.054265
10317.130801,81,1234.669844
11994.580336,161,1237.592563
2903.709379,252,1242.275881
4753.224535,252,1247.011314
1907.791659,44,1248.12913
9995.875962,73,1249.725165
11141.651051,140,1252.398671
4577.186871,252,1257.100732
4019.576954,252,1261.456426
3796.100662,252,1265.975806
9637.497043,68,1267.326224
3813.382704,252,1271.785367
10989.257922,87,1273.707476
10625.358849,91,1275.529903
11902.178732,168,1278.574336
4432.909438,252,1283.590021
9773.335731,71,1285.068077
10865.493142,84,1286.744872
9545.316921,67,1288.087184
1769.075239,41,1289.021795
11748.046213,145,1291.710626
11997.235884,171,1294.870135
10040.597678,72,1296.288703
11048.012457,87,1297.999043
5497.195473,127,1300.481434
11405.535588,226,1304.782765
9956.284787,72,1306.242095
10719.269094,81,1307.875558
9618.294185,64,1309.34748
5351.992261,252,1314.210612
1777.358089,32,1315.074206
10287.331839,95,1316.941589
4970.151522,106,1318.919426
10125.570489,73,1320.387781
10937.189969,85,1322.054509
10068.9124,72,1323.442945
10961.859677,89,1325.231211
10054.297027,71,1326.652324
11199.660776,93,1328.411511
10931.480387,84,1330.081237
10131.44648,75,1331.671726
729.42987,19,1332.228628
4230.472175,252,1337.037925
9593.348216,67,1338.396101
10228.462912,75,1339.867305
11805.217727,134,1342.462162
10052.298662,72,1344.038156
4141.545496,252,1348.554667
10283.119616,78,1350.098132
9947.658836,71,1351.521038
9465.745349,64,1352.828877
3725.896322,252,1357.290277
9994.576951,73,1358.760648
9540.625593,63,1360.212428
11726.20478,121,1362.443526
4034.523313,252,1367.111692
10068.117282,76,1368.678017
815.152392,22,1369.328535
9810.763426,67,1370.671377
10898.292166,83,1372.341444
5526.59724,252,1377.125036
10045.15346,72,1378.572633
541.501975,18,1379.075926
5836.204546,252,1383.600634
607.278756,19,1384.201646
10845.27852,101,1386.106383
9990.544619,70,1387.67349
10932.411312,98,1389.519706
9827.785953,67,1390.890674
9777.667442,67,1392.215238
2173.246091,38,1393.172403
9752.818181,77,1394.757778
2669.965158,44,1395.694753
2591.098581,45,1396.687994
4314.207662,252,1401.386039
10097.513669,72,1403.057999
10866.345254,86,1404.91726
858.784183,28,1405.748142
2437.317661,46,1406.785765
9731.618995,68,1408.070027
9994.827108,70,1409.477262
10104.086567,73,1410.961678
11041.531517,87,1412.570984
9739.530472,229,1416.82256
2110.20356,41,1417.729238
2432.57743,44,1418.711354
11029.860157,87,1420.433639
10268.979547,80,1421.981322
10951.183558,87,1423.744471
821.121456,22,1424.334813
4351.008329,252,1429.043535
10141.529463,74,1430.586562
2275.57898,44,1431.511001
5485.415912,252,1436.270714
2236.617149,38,1437.118209
10547.943957,86,1438.859576
10858.618159,84,1440.540693
11699.971776,162,1443.611175
10356.521431,88,1445.316489
10777.101587,96,1447.239624
10864.688497,86,1448.91449
11230.724859,217,1452.90433
2741.842373,54,1454.149106
11270.603517,116,1456.343734
10120.659814,73,1457.82469
10319.683121,76,1459.422378
5991.540189,174,1462.903556
10246.828891,75,1464.536618
2171.003184,40,1465.536474
10170.524844,75,1467.052097
10137.811838,73,1468.560579
10344.394743,81,1470.11307
11748.499501,126,1472.523921
10721.020439,91,1474.382286
2193.709599,39,1475.269392
11047.738679,89,1477.188162
5070.37412,229,1481.368584
3620.190171,247,1485.974291
11677.300189,132,1488.474221
11238.023243,92,1490.241917
11373.815496,203,1494.31901
10090.081726,72,1495.84339
11524.869827,168,1499.045869
10142.478987,73,1500.584998
2233.363342,41,1501.479237
2127.825498,40,1502.432082
11160.451653,91,1504.174031
10851.706688,94,1506.189157
11676.005003,165,1509.133452
5705.117008,252,1513.687595
9645.935438,67,1515.05284
9785.299631,77,1516.552689
10119.133632,73,1518.031004
10874.988066,83,1519.577509
9976.744609,72,1520.971218
10173.379374,73,1522.722234
10180.024638,73,1524.220846
9994.355034,75,1525.838475
9558.226008,66,1527.268117
9733.181588,69,1528.661835
11534.968399,157,1531.753285
10644.128332,89,1533.525139
10280.69317,79,1535.075881
11286.488789,238,1539.218743
2316.838763,41,1540.133894
10147.604249,72,1541.67918
9685.889446,68,1543.036974
10178.966809,74,1544.43266
10203.572536,74,1545.918884
9855.584321,72,1547.335868
4120.816282,84,1548.973315
10520.909529,86,1550.765176
3973.267814,252,1555.853871
10948.909968,86,1557.697215
10317.372208,78,1559.28133
10778.090482,83,1560.987665
4256.916018,252,1565.484659
10301.486854,76,1567.114763
11624.822253,109,1569.338867
10091.830827,72,1571.043988
10083.488859,72,1573.487324
10274.457486,86,1575.929399
9907.909772,72,1577.798929
10230.923084,78,1579.803469
9955.171769,72,1581.797719
10176.009921,73,1583.991807
11762.313735,150,1588.428294
6479.359034,252,1593.783048
4603.417482,252,1599.049796
10637.338364,102,1601.400158
10455.34985,97,1603.597148
11219.206562,94,1605.897405
10202.23705,76,1607.677381
10889.068262,84,1609.555248
11829.24685,144,1612.496832
2578.444403,45,1613.604389
11139.729455,89,1615.761935
11773.86057,159,1619.725951
2695.208607,53,1621.23382
11789.755363,125,1624.653327
10871.897978,85,1626.631512
2519.695573,243,1631.660919
10231.366044,75,1633.4371
10508.270185,87,1635.455918
2365.074745,97,1637.941762
10796.638239,84,1639.844831
10157.99014,72,1641.543357
2371.064727,56,1642.881535
3798.93706,149,1646.470299
10219.945098,73,1648.376201
10126.389248,73,1650.181276
2140.032768,39,1651.158766
3939.304406,252,1656.460382
10810.101244,82,1658.356068
10135.197376,72,1660.012536
10886.164043,120,1662.652056
2329.694762,41,1663.678502
2294.832917,42,1664.768201
10119.268312,74,1666.420359
2587.839622,45,1667.813402
11719.37552,210,1672.296672
11653.54158,136,1675.367114
10305.079387,80,1677.522597
10157.966674,73,1679.546004
9597.056702,65,1681.084194
4387.333785,252,1686.230841
10290.693347,77,1687.948254
10818.065883,94,1690.050253
11387.448482,97,1692.710389
9934.183129,72,1695.034908
10127.040898,78,1697.140257
2237.5403,40,1698.581739
10141.771043,76,1701.157849
11139.024162,92,1704.209414
4889.386505,252,1711.627741
10158.630101,76,1714.159646
10485.447812,92,1716.606223
10241.179653,75,1718.301287
10402.886779,80,1720.332059
9838.145686,73,1722.189996
11475.529851,108,1724.864321
9964.328114,76,1727.05981
9400.414113,63,1729.119401
9802.350044,72,1731.373384
10075.786768,74,1733.200644
9535.908005,65,1734.89618
11497.219277,125,1738.036129
10168.577292,73,1740.216345
10370.723516,78,1742.125163
11315.152413,96,1744.386675
10885.41148,84,1746.430367
10172.274397,74,1748.29541
2172.877675,252,1753.634652
10186.421196,78,1755.465104
11720.035007,127,1758.193969
1591.497807,36,1759.40736
11417.292961,139,1763.218824
11150.924718,92,1765.774758
10215.588669,74,1767.683323
9564.099422,66,1769.365575
10013.640166,74,1771.369394
10136.48623,73,1773.175678
11117.689748,99,1775.605988
9932.76103,80,1777.489545
10046.785607,73,1779.336472
3759.438216,118,1782.28769
9994.922408,73,1784.191238
10347.061299,79,1786.117783
10089.691102,73,1787.828603
11739.49871,162,1792.236219
3851.460006,252,1799.301487
10112.808913,72,1801.603206
10258.679495,76,1803.42319
1079.28576,26,1804.212134
2558.097671,46,1805.365113
11565.305619,122,1808.323539
10135.800473,73,1810.165769
10281.265641,76,1811.972411
11223.911162,94,1814.326231
10182.161461,72,1816.662881
9746.110817,70,1818.640748
10391.308952,84,1820.643906
10840.524862,91,1823.367147
3270.983118,61,1824.805402
10132.847569,76,1826.653827
11020.642133,88,1828.756235
10954.021502,94,1831.177941
3900.584924,61,1833.08585
10160.722295,75,1834.958508
10286.139578,78,1837.707903
10985.15992,90,1840.317101
11137.229147,92,1842.89598
10781.59073,90,1845.682986
773.291539,20,1846.426871
4288.591131,252,1853.087294
11161.757408,102,1856.429778
11054.882534,89,1859.057755
10207.019887,75,1861.103237
9559.542118,66,1863.317042
10114.383867,73,1865.32116
10306.907896,76,1867.172341
10249.263326,78,1869.014423
10086.30076,74,1870.724351
10985.260903,95,1872.976326
4287.878548,252,1878.576517
10127.801073,74,1880.322346
11039.464424,91,1882.678426
10126.493533,75,1884.468135
3536.784697,252,1889.962181
11506.908822,114,1892.814564
10968.875048,88,1895.035775
11489.932941,120,1897.61135
11513.630275,125,1900.461097
4870.715984,252,1905.936342
11320.426063,102,1908.428242
10095.629742,76,1910.237505
11031.231909,87,1912.221383
11300.68592,95,1914.35873
11678.736457,190,1918.243686
4420.23967,252,1923.659472
11138.766387,91,1926.2677
10055.041357,76,1928.019855
10803.086256,92,1930.119053
3721.484223,252,1936.093905
3684.593082,252,1942.810074
11820.155979,143,1947.467163
10072.797357,74,1950.059623
10801.30174,95,1953.318723
11276.320113,126,1956.657246
4901.318045,252,1962.683834
10136.609521,75,1964.620748
10164.375645,73,1966.506587
10143.947651,71,1968.491401
10280.638368,77,1970.478006
3229.881271,106,1973.146202
9959.311577,72,1975.078148
10212.30389,78,1977.102026
10491.93543,82,1979.19384
4013.838855,252,1985.22576
10892.1741,85,1987.469221
10287.852627,76,1989.510636
10540.450987,104,1992.049796
11004.941325,87,1994.253705
10814.797954,83,1996.395422
10004.216394,73,1998.418802
11499.588446,104,2001.197412
10272.260425,78,2003.215621
10052.271909,73,2005.290081
10331.438547,87,2007.520384
11284.688669,94,2009.951949
10918.321453,95,2012.415787
11040.911662,88,2014.904949
11345.489701,100,2017.430271
9962.310719,80,2019.588571
10188.491037,73,2021.499758
10682.457704,90,2023.78414
10188.260591,74,2025.977654
9968.237292,75,2028.061257
10453.120736,79,2030.133569
5377.224009,137,2033.39709
10333.318354,76,2035.295829
3363.643455,83,2037.456541
9575.986787,68,2039.396942
10119.620879,79,2041.74351
10941.057965,86,2044.210944
10214.102685,74,2046.439554
10876.6204,84,2048.758144
10237.372102,77,2050.824654
9639.628193,69,2052.73175
2235.966056,42,2054.243339
10319.089595,76,2056.371423
11054.209684,89,2058.755569
10291.568242,76,2060.930995
10266.940694,74,2062.94522
11033.304122,90,2065.896748
9822.465969,72,2067.916394
10191.596615,74,2070.334589
10116.722749,75,2072.32929
3425.035694,252,2078.495564
9624.925408,68,2080.295228
11194.987697,101,2082.846604
11667.257347,173,2087.102946
10142.075937,72,2089.250072
4793.234537,252,2095.394224
4283.744298,252,2101.395298
10065.068786,70,2103.24485
10128.734571,72,2105.141628
9716.043151,72,2107.016484
9708.317338,69,2108.873762
9849.849976,68,2110.706224
10069.824267,82,2112.765478
10559.521848,86,2115.002258
10263.446339,80,2117.079308
10536.067763,85,2119.241293
10353.385444,80,2121.48508
11070.407381,89,2123.762522
529.225553,18,2124.416503
10142.638456,74,2126.322555
11155.510529,107,2128.877628
10394.528523,77,2130.935191
11118.141178,109,2133.675478
10253.937387,79,2135.704115
11460.275014,116,2138.524283
4691.699463,252,2144.334713
11272.035082,94,2146.807034
5466.33156,252,2152.68679
10297.314894,79,2154.824432
10219.178005,75,2156.687587
9596.05842,68,2158.543003
10304.383208,76,2160.55005
10422.437187,90,2162.739008
10155.072388,82,2164.831365
10387.957273,78,2166.826107
10283.241664,75,2168.755299
10060.867341,83,2170.883674
10310.830165,77,2172.821887
10589.369215,95,2175.195689
10204.909512,76,2177.074118
10051.394562,83,2179.132833
992.728759,24,2180.059918
11142.458214,89,2182.20841
10389.47812,80,2184.24617
10172.389783,74,2186.143556
4083.530355,252,2192.123064
10324.582235,80,2194.151643
11284.07138,95,2196.62166
11261.072102,96,2198.997264
10763.56049,92,2201.274616
9475.660659,66,2203.04795
10044.944705,82,2205.078815
10408.699254,91,2207.295861
11525.309643,109,2210.185973
11185.453336,93,2212.48674
11253.438213,105,2215.101539
11280.973133,225,2220.311213
11816.349043,154,2224.045711
11093.807031,102,2226.448253
10157.845854,74,2228.339653
11278.726567,124,2231.3832
10245.135712,75,2233.36385
10131.922599,76,2235.341186
719.124763,21,2236.108664
10324.712358,80,2238.13996
10952.568123,98,2240.639845
10234.342481,75,2243.025333
10218.271222,75,2245.126533
9874.816131,73,2247.133528
10582.663919,109,2249.912291
10191.099101,77,2251.807601
10346.777843,81,2253.599152
11336.993487,95,2255.662495
10301.824483,79,2257.411599
10189.614107,74,2259.12447
11070.213748,90,2261.065525
11202.491012,94,2263.155044
10497.168437,83,2264.941418
11147.184652,90,2267.032471
11086.14608,92,2269.006923
11289.852436,94,2271.173693
10267.210718,79,2272.966811
10436.910348,83,2275.086162
10994.468132,102,2277.691529
10999.888411,87,2279.838193
11682.433816,161,2283.626096
5846.719156,134,2286.915455
10440.776849,95,2289.232491
4315.999579,252,2295.075578
10995.198009,87,2297.138449
10421.266882,81,2299.17259
9982.093659,76,2301.27409
10184.504928,73,2303.198991
10673.815119,87,2305.344006
11596.691467,116,2308.148547
9989.469606,75,2310.075093
10127.28972,75,2311.887842
11306.640508,97,2314.192209
10212.328052,75,2316.101921
11131.988951,90,2318.402794
10429.774844,81,2320.377142
2290.345476,42,2321.559259
10201.858154,74,2323.47978
10365.555714,79,2325.674311
10299.360912,78,2327.663548
11204.546649,123,2330.630797
10912.494128,97,2333.114763
9865.100486,73,2335.02197
10541.824677,81,2336.947817
10142.69693,75,2338.831293
10640.637366,99,2341.264062
10353.246859,77,2343.174392
10555.304444,85,2345.251818
11924.885077,132,2348.028815
10114.516183,73,2349.686336
11736.206143,117,2352.126185
11254.011529,99,2354.478183
10415.263748,88,2356.436152
11469.701373,114,2358.90028
10390.752481,89,2360.887866
10273.844974,77,2362.674731
10076.020398,72,2364.344147
9956.095925,71,2366.062157
10267.846291,79,2367.878785
10358.961067,78,2369.569694
11144.961708,92,2371.576938
10848.590518,94,2373.648561
11150.884423,92,2375.715363
9795.312308,72,2377.603802
10339.124834,77,2379.335599
10093.325301,72,2381.041996
4795.638811,146,2384.131906
10696.763107,89,2386.08618
11368.823103,122,2388.809193
10325.641723,77,2390.48209
11281.823634,95,2392.520766
10389.767492,81,2394.299148
11236.527108,223,2398.962251
10291.66955,79,2400.827406
10556.418124,82,2402.643015
11430.530441,102,2404.826889
10195.740567,76,2406.659268
10257.235017,75,2408.348372
9834.303035,72,2409.925057
10884.460721,99,2412.187986
11165.830379,104,2414.444774
11910.273393,155,2417.591876
9926.047253,77,2419.282394
11877.81665,155,2422.579851
11631.976168,130,2425.344458
9685.963812,69,2426.91984
10299.730572,76,2428.643091
10602.365612,83,2430.533279
10445.204996,78,2432.513236
10424.547058,140,2435.467357
10402.111852,82,2437.256322
10509.268387,81,2439.062125
11705.224731,131,2441.775424
10628.817782,84,2443.645879
2893.959493,52,2444.867509
10441.812782,80,2446.629204
10462.589102,79,2448.412036
10789.83844,98,2450.49819
11639.98131,111,2452.805794
9950.505384,75,2454.520153
10279.053337,76,2456.244225
9385.927821,66,2457.876822
10045.465263,76,2459.607525
10559.466482,84,2461.480302
10261.626399,77,2463.213826
10356.670816,87,2465.110644
10007.23827,80,2466.997916
10048.918909,76,2468.640885
10227.893455,75,2470.269071
3651.417707,101,2472.480808
10016.553118,76,2474.206673
10387.90231,88,2476.143447
10285.447262,76,2477.947269
10389.888702,77,2479.845987
10433.748147,79,2481.63932
10452.254944,79,2483.399376
784.976519,22,2484.031711
10418.651084,82,2485.811364
11346.038128,118,2488.487796
9921.303275,74,2490.189176
10882.281819,97,2492.32079
11381.712744,118,2494.827158
10165.929897,84,2496.700983
10550.044356,82,2498.553787
972.308913,25,2499.244169
11818.976889,155,2502.591511
10151.775888,84,2504.606546
11208.958579,92,2506.579599
10416.303442,79,2508.391306
10332.530786,78,2510.146022
10483.708542,80,2512.047945
10278.640737,75,2513.761072
10249.500425,76,2515.478364
10804.659707,111,2517.882212
10454.765961,83,2519.725958
10378.567399,80,2521.549067
851.916477,23,2522.274447
9714.679519,70,2523.816454
10488.766108,81,2525.7285
10411.356073,81,2527.471234
10500.66088,82,2529.266014
11199.752813,92,2531.296378
10480.043667,82,2533.108642
9688.439767,70,2534.695491
11253.356186,94,2536.77244
10803.291078,94,2538.835043
10189.689043,80,2540.63787
10277.587482,77,2542.393305
9994.577648,75,2544.099443
10555.469962,83,2546.007281
9956.848209,73,2547.59434
11106.703041,91,2549.773306
9957.420629,74,2551.411377
10669.59492,85,2553.217974
11213.30009,108,2555.538685
11120.644282,90,2557.529916
11342.998712,96,2559.615741
10281.207761,76,2561.235134
10723.771144,93,2563.11642
9851.985907,73,2564.639786
11408.299984,101,2566.813564
10445.97345,82,2568.598613
10305.043999,76,2570.297589
11502.114561,106,2572.735706
9829.775513,72,2574.370758
10351.105649,77,2576.150038
10449.847475,81,2577.994064
10471.208646,80,2579.813825
11329.68866,95,2581.91453
10287.592083,82,2583.816133
9791.076179,72,2585.443855
11278.466635,94,2587.489075
10456.278825,79,2589.352175
10573.486053,85,2591.202868
10804.555946,95,2593.259521
9824.908442,72,2594.896411
10456.167728,79,2596.847735
10278.852136,78,2598.620043
11272.033956,95,2600.845952
10324.808546,77,2602.603491
10905.657148,97,2604.711982
10382.28912,79,2606.415341
11398.233558,99,2608.572456
10469.260856,79,2610.354076
10057.349791,84,2612.304832
10105.015195,73,2613.951751
11023.625762,89,2615.853354
10739.733884,94,2617.878856
1087.268267,26,2618.786175
9689.324652,69,2620.403692
10712.43978,87,2622.324992
10425.838443,79,2624.102546
10377.336641,81,2625.858886
11789.498298,144,2628.942574
9778.357844,71,2630.557862
11169.129409,95,2632.54144
11273.451831,96,2634.618618
10719.388068,235,2639.250624
10423.53157,82,2641.076893
11540.752743,114,2643.464311
9806.086918,71,2645.090151
9635.755154,68,2646.846054
10314.669826,79,2648.584321
10854.43682,87,2650.491491
10116.660503,76,2652.170578
10991.009278,88,2654.095217
10460.425278,82,2655.952541
11768.658771,137,2658.857175
10230.549189,78,2660.612779
10961.02011,95,2662.723362
9797.672053,72,2664.392826
10220.421863,75,2666.130646
9722.654214,70,2667.788296
10376.047058,79,2669.711256
10261.254782,75,2671.388736
11263.602314,108,2673.658126
10562.687661,83,2675.392683
10199.934901,74,2677.057426
9880.542001,73,2678.817011
10291.344246,76,2680.515619
10714.354846,245,2685.513364
10537.537566,83,2687.335364
10533.669958,83,2689.220166
10162.960545,76,2690.897835
10350.893668,77,2692.531933
9791.028071,70,2694.12607
10458.825457,79,2696.010114
10981.135633,94,2698.060281
10080.594754,80,2699.945734
10992.569942,86,2701.858313
10741.552482,82,2703.704852
9791.753871,71,2705.314698
11280.047085,94,2707.404512
10404.180631,78,2709.192852
9598.046603,67,2710.774667
9625.580314,68,2712.39295
10558.154106,81,2714.086445
10396.687851,80,2715.824668
5405.310062,252,2721.125401
5302.116654,221,2725.740462
11134.301403,88,2727.652043
10283.593448,77,2729.4061
11141.868548,92,2731.451519
10279.721841,77,2733.226003
10322.862653,79,2735.042036
10615.330907,84,2736.893787
10354.645709,77,2738.613213
10940.70646,88,2740.589755
623.603186,18,2741.135988
11352.565346,95,2743.184503
9862.777253,73,2744.92006
10830.219058,93,2747.074017
10231.464777,78,2748.771674
10170.031146,75,2750.396785
11455.574426,97,2752.545908
9772.86782,71,2754.204936
10163.320131,73,2755.898334
10277.159921,76,2757.618858
11073.897886,88,2759.554284
9840.165324,73,2761.19518
9487.807418,65,2762.751812
10449.526874,79,2764.473293
10354.158638,81,2766.269559
11214.764132,103,2768.719104
10939.212644,86,2770.652041
10461.779952,82,2772.485508
11015.705872,89,2774.365108
10560.421954,83,2776.247703
10353.57051,79,2778.086992
10884.83374,97,2780.130421
10422.796582,80,2781.893123
9769.747775,71,2783.467952
10126.873877,74,2785.120893
10321.485855,77,2786.835983
11465.767256,120,2789.421146
10329.08452,78,2791.272199
9616.135552,68,2792.860075
11071.205166,89,2794.834109
10214.119996,75,2796.486588
11084.112274,91,2798.452853
10375.911822,79,2800.251395
11005.342049,88,2802.170246
10816.377298,96,2804.220133
10875.600086,100,2806.380431
9682.003821,69,2807.985059
10294.509802,76,2809.624088
9752.015313,70,2811.314869
11243.208253,94,2813.395931
11587.767203,124,2816.211946
10305.310739,78,2817.898686
10373.568013,78,2819.679069
10650.554569,86,2821.466361
9757.585357,69,2823.049464
9714.6007,69,2824.578927
10353.832283,79,2826.318048
11118.448985,91,2828.300165
10583.883419,84,2830.173159
10405.732048,79,2831.906344
10685.455588,85,2833.81602
10309.240385,76,2835.486309
10382.098884,78,2837.263677
10957.258358,87,2839.178311
10347.115133,79,2840.886986
10066.125006,72,2842.482833
10864.278607,87,2844.448051
10617.56305,84,2846.297469
10275.994764,78,2847.96456
10374.656091,79,2849.69107
11835.923148,147,2852.75285
9705.995343,69,2854.264449
10410.814493,79,2856.032699
10371.769058,79,2857.775786
10325.207303,79,2859.50975
9847.615828,72,2861.26057
9587.653508,67,2862.742026
10313.544284,78,2864.510224
10353.748778,80,2866.28406
9677.397656,69,2867.917082
9837.511784,72,2869.52659
10311.677863,76,2871.196286
10349.166233,79,2872.963629
10118.926916,74,2874.622297
10300.841575,76,2876.28926
10248.316306,75,2878.01853
11317.082272,95,2880.041178
9521.715437,66,2881.651178
10317.595393,76,2883.334949
10926.028445,87,2885.240678
11100.499356,90,2887.198335
9704.519792,68,2888.696575
9736.595854,70,2890.327168
10368.764934,81,2892.101863
10329.880099,78,2893.885113
11096.55151,91,2895.84511
11055.12974,90,2897.842416
11395.186859,173,2901.484592
10281.791124,79,2903.269759
9505.967811,66,2904.706969
9613.001605,69,2906.386003
10377.660758,78,2908.104509
10408.292543,81,2909.899306
10732.041465,87,2911.965715
10437.391944,81,2913.736554
9873.487295,74,2915.361542
10948.039982,87,2917.302838
11101.003115,89,2919.304657
10774.817968,84,2921.217132
10709.958228,89,2923.154418
10495.184339,81,2924.953393
11477.390172,113,2927.359791
10437.839054,79,2929.149764
10943.276982,88,2931.223386
10403.390578,80,2932.970085
10237.272076,75,2934.704343
10327.472905,78,2936.446114
10352.207514,76,2938.095308
10469.329884,81,2939.943391
10314.095043,77,2941.641149
9798.915484,72,2943.219484
9732.578872,70,2944.863745
11118.981361,90,2946.802686
9685.057858,70,2948.362349
10672.774747,86,2950.222968
9852.572657,72,2952.005733
10500.839418,80,2953.777108
10299.295738,77,2955.51331
10324.44283,79,2957.374228
10387.48969,78,2959.084014
10335.045988,79,2960.858766
10715.547201,86,2962.708087
10359.46437,78,2964.436419
10335.258434,77,2966.197261
11290.53751,96,2968.413775
11068.67526,89,2970.408097
10240.508424,77,2972.027912
10252.259066,77,2973.837782
10375.113005,80,2975.630214
9689.979603,69,2977.205037
10161.852289,75,2978.975895
11025.457672,88,2980.926126
9669.396343,69,2982.477155
11167.333944,91,2984.513435
10344.746022,76,2986.264117
4914.445887,104,2988.494221
9715.882056,69,2990.117256
10361.796878,80,2991.911935
11328.840153,96,2993.992422
10403.260028,80,2995.862067
10403.207965,81,2997.672202
9580.04042,67,2999.180464
10133.850168,74,3000.897951
10583.925395,83,3002.688
10405.62919,80,3004.415087
10763.320884,83,3006.253068
10351.229071,78,3007.998477
10959.763585,87,3009.923566
9876.396418,74,3011.54427
10365.91784,80,3013.400537
10421.28653,83,3015.226959
11120.278168,89,3017.178874
10535.504843,81,3019.142165
10395.655728,78,3020.888505
10648.454368,200,3025.135055
11783.363728,201,3029.177635
9590.528642,68,3030.727005
11676.978883,125,3033.367825
10394.888368,78,3035.158176
9982.704471,71,3036.756838
10714.414279,88,3038.684001
10435.445358,81,3040.472242
10329.133328,79,3042.248564
11943.458845,141,3045.309223
10535.09722,82,3047.361699
9768.50442,67,3048.93021
10575.194716,82,3050.734488
10930.61736,87,3052.595503
10527.80339,83,3054.386086
9622.378294,68,3055.75954
10323.994903,79,3057.335721
11217.590617,94,3059.031031
10547.471332,83,3060.558894
10470.618694,80,3062.058581
9652.233384,68,3063.353358
10364.35472,79,3064.843271
10973.871612,88,3066.534986
9556.306149,66,3067.914396
11010.24458,88,3069.487167
10319.360936,76,3070.898203
10884.38873,87,3072.565222
10205.861008,75,3073.991153
10251.363438,78,3075.550254
10297.660184,76,3077.023669
9759.840873,70,3078.309635
9678.683008,71,3079.659123
11214.902132,104,3081.566152
10294.708567,78,3083.091798
3608.003614,252,3087.548282
9701.461154,67,3088.870924
9682.143181,69,3090.182544
4679.970668,252,3094.3969
10222.384789,74,3095.788543
10527.435434,80,3097.300033
10300.504348,77,3098.697848
10591.027613,86,3100.304611
10248.444937,77,3101.758261
10342.758721,78,3103.247965
9663.477825,69,3104.580443
10796.248309,85,3106.164294
10188.450968,76,3107.545748
10406.410602,78,3109.117485
9698.745306,70,3110.486236
10173.011735,76,3112.019822
10811.806578,87,3113.66938
10472.35271,81,3115.171375
9841.30963,68,3116.467941
5118.841128,252,3120.709117
10430.054569,79,3122.304857
9770.475271,71,3123.633151
9563.162538,67,3124.900873
11213.476628,95,3126.584454
10723.693004,85,3128.174317
11101.97196,90,3129.965129
9683.533172,69,3131.308033
9785.849618,72,3132.631656
10323.860775,78,3134.103628
10413.899338,80,3135.669301
11021.383035,89,3137.330396
10381.65869,79,3138.760704
10525.571475,81,3140.365953
11500.762717,229,3144.173089
10969.706175,88,3145.808145
10999.153534,93,3147.526554
11339.117828,96,3149.319266
10747.071263,84,3150.937208
10505.863123,80,3152.429338
10976.137817,87,3154.083576
11016.480271,88,3155.703865
9693.686224,70,3156.999801
10466.028482,80,3158.484777
9774.146897,68,3159.761589
9761.430823,70,3161.099108
10958.080013,89,3162.769545
10629.635769,82,3164.266678
10584.094183,84,3165.869641
10890.196834,86,3167.541225
10589.538178,80,3169.031357
10425.919148,78,3170.645194
10596.668019,83,3172.169824
10994.557715,88,3173.745395
10102.241937,73,3175.073707
10388.629142,77,3176.502446
4858.146329,252,3180.823868
9589.299671,68,3182.113396
10251.985683,78,3183.5684
9745.330182,71,3184.925049
11107.301388,91,3186.651622
10875.8265,85,3188.327782
10540.272008,80,3189.885358
11772.298999,187,3193.282247
9897.94873,74,3194.661604
11038.416809,88,3196.353126
9614.07195,69,3197.695494
10678.465302,81,3199.178541
10386.374377,80,3200.644106
9618.450819,68,3201.959457
10454.712184,79,3203.453327
10266.800442,76,3204.961525
11233.368796,94,3206.656559
10764.968125,86,3208.248534
10777.927829,85,3209.822675
10524.395355,84,3211.37476
10280.659163,76,3212.963001
9636.816816,68,3214.350353
10928.803777,88,3215.970793
10375.962337,81,3217.399224
10389.903253,78,3218.882807
10462.323348,82,3220.40911
10149.186706,76,3221.840809
10301.588465,77,3223.327523
10513.136631,82,3224.919636
10585.455313,81,3226.478226
10117.073003,75,3227.869162
11100.422267,92,3229.519089
10826.527553,87,3231.253945
10662.282574,83,3232.79258
10469.373529,82,3234.370655
10464.87371,83,3235.924998
9872.430999,72,3237.243956
3601.643926,252,3241.564772
11075.604099,89,3243.344977
10406.633449,81,3244.83937
10664.142374,82,3246.421638
10284.900997,79,3247.889026
9828.953865,73,3249.249162
10705.976994,84,3250.798316
10383.310684,79,3252.385886
10579.88107,82,3254.03391
9779.45356,71,3255.400331
11025.297487,90,3257.005427
10322.863747,79,3258.494953
10650.127278,85,3260.0738
10374.363452,79,3261.596807
10636.405929,81,3263.15763
9586.694738,68,3264.411815
9817.173719,72,3265.783282
10495.08877,84,3267.349036
11887.205238,154,3270.060005
10324.633716,79,3271.575881
10461.563117,80,3273.186939
10935.670539,87,3274.788394
10644.775609,84,3276.40945
10454.425834,79,3277.928921
9709.275786,70,3279.256495
9594.619339,66,3280.60381
10026.44792,72,3281.934304
10765.85252,85,3283.309501
10479.427067,83,3284.651024
11938.475995,144,3286.732481
10416.541685,77,3287.928535
11030.229982,88,3289.335244
9899.914308,74,3290.498629
10483.88813,80,3291.881588
9813.995254,72,3293.013283
10462.985711,79,3294.252228
10664.906959,87,3295.644223
9761.753357,72,3296.854893
10411.188368,78,3298.06971
10584.199215,82,3299.29906
10916.189584,86,3300.609735
10690.518389,82,3301.862295
10264.69353,78,3303.076467
10126.997649,75,3304.296378
2400.529693,39,3305.014607
10705.597279,84,3306.431156
10221.940443,76,3307.667445
10559.058499,80,3308.908247
10399.091548,79,3310.132481
9782.19134,70,3311.236182
10514.90267,79,3312.527139
10183.619531,76,3313.713846
10885.629379,85,3315.022228
10550.033045,81,3316.254376
10176.726401,75,3317.412368
9738.449314,71,3318.500759
11519.499945,116,3320.377518
10591.989597,83,3321.657353
9569.585804,67,3322.699499
10393.202507,77,3323.882392
10588.603529,83,3325.159387
10264.117334,76,3326.328025
10533.878065,79,3327.594119
10574.500223,83,3328.840034
10583.105691,81,3330.067765
10671.162622,83,3331.345283
10086.285496,74,3332.474928
9699.92125,67,3333.504227
9699.85704,68,3334.550089
10406.752707,80,3335.994435
10127.644634,74,3337.147957
9650.244851,67,3338.186217
10655.558037,82,3339.433051
10397.833356,78,3340.663533
10419.434268,79,3341.89647
9787.367814,72,3343.004319
10592.699175,81,3344.296336
9816.293828,70,3345.389725
10296.710774,77,3346.57909
9767.54851,69,3347.638783
10430.617255,79,3348.841027
9646.151724,68,3349.924142
-14886.476003,150,3352.233186
9832.660034,72,3353.358066
10706.619228,83,3354.634868
10061.879261,75,3355.792919
11099.642956,90,3357.144744
10767.652261,86,3358.454408
9739.076398,71,3359.609004
11641.769077,122,3361.391384
10254.33634,77,3362.551754
10306.543006,78,3363.775178
10355.565149,80,3364.957795
10986.763551,92,3366.515386
5061.382566,103,3368.042217
10485.216887,80,3369.254574
11068.072609,90,3370.642555
10477.069832,79,3371.861479
10514.41366,84,3373.169485
10834.729895,86,3374.533875
10710.96482,85,3375.808985
10295.435171,77,3376.968978
10967.451648,87,3378.308688
10439.337212,79,3379.50942
11031.091442,90,3380.849015
10145.233532,74,3382.069815
9659.868203,69,3383.283058
9973.184228,74,3384.41034
9693.717625,68,3385.467386
10413.420427,80,3386.683448
10597.278405,82,3387.924693
10434.332512,79,3389.131818
10516.770199,79,3390.453458
10738.438511,91,3391.839337
10051.046137,73,3393.012089
10344.748243,78,3394.264599
10407.845435,79,3395.485312
10839.611635,87,3396.809216
10027.050072,73,3398.125171
9867.585646,73,3399.241234
10500.472638,80,3400.474171
10319.979144,78,3401.69468
10470.410048,80,3402.937518
10772.705344,87,3404.220263
9703.147555,70,3405.336047
10391.169269,78,3406.517509
1292.670351,29,3407.058782
10834.363878,86,3408.347966
10964.545528,87,3409.64377
10365.081852,81,3410.875004
10176.600529,76,3412.045496
10929.438965,87,3413.577009
9950.196922,72,3414.670362
9785.858165,72,3415.753882
10309.421306,77,3416.921095
10836.965216,89,3418.253704
10727.637374,83,3419.512678
10402.481827,80,3420.739736
10548.848559,82,3422.066341
10400.239659,81,3423.308203
10212.651758,77,3424.519407
9810.350948,70,3425.58848
10802.928744,84,3426.854407
10051.330175,76,3428.012839
10516.489333,80,3429.423707
10245.799277,78,3430.590171
10315.59199,78,3431.771196
11715.996228,133,3433.725903
10574.127528,83,3435.009477
10758.950754,84,3436.365709
10419.176293,81,3437.593975
9771.15364,69,3438.666345
10833.810387,209,3441.58648
10218.165799,76,3442.774171
11539.131837,171,3445.265179
10647.937854,84,3446.589197
9732.275588,67,3447.801491
5637.631771,141,3449.818073
10211.96148,76,3450.983706
