"Run","Run ID","metric","step","timestamp","value"
"single_R4.6.10_W2E4_T5.2_dangerous_20251013_224357","e583ade55f28481e83808122a9032241","avg_linear_acc_window","140500","1760366648984","5.439416675662621"
"single_R4.6.10_W2E4_T5.2_dangerous_20251013_224357","e583ade55f28481e83808122a9032241","avg_linear_acc_window","141500","1760366662869","4.101419766629115"
"single_R4.6.10_W2E4_T5.2_dangerous_20251013_224357","e583ade55f28481e83808122a9032241","avg_linear_acc_window","143000","1760366684639","2.517424120245501"
"single_R4.6.10_W2E4_T5.2_dangerous_20251013_224357","e583ade55f28481e83808122a9032241","avg_linear_acc_window","144000","1760366699771","2.5741640393817797"
"single_R4.6.10_W2E4_T5.2_dangerous_20251013_224357","e583ade55f28481e83808122a9032241","avg_linear_acc_window","145500","1760366720448","2.602712470511906"
"single_R4.6.10_W2E4_T5.2_dangerous_20251013_224357","e583ade55f28481e83808122a9032241","avg_linear_acc_window","146500","1760366734537","2.9258579975003376"
"single_R4.6.10_W2E4_T5.2_dangerous_20251013_224357","e583ade55f28481e83808122a9032241","avg_linear_acc_window","148000","1760366754730","2.4914431475196035"
"single_R4.6.10_W2E4_T5.2_dangerous_20251013_224357","e583ade55f28481e83808122a9032241","avg_linear_acc_window","149000","1760366769634","2.4617904781289397"
"single_R4.6.10_W2E4_T5.2_dangerous_20251013_224357","e583ade55f28481e83808122a9032241","avg_linear_acc_window","150500","1760366792276","2.2421186475399884"
"single_R4.6.10_W2E4_T5.2_dangerous_20251013_224357","e583ade55f28481e83808122a9032241","avg_linear_acc_window","151500","1760366806988","2.12069295830559"
"single_R4.6.10_W2E4_T5.2_dangerous_20251013_224357","e583ade55f28481e83808122a9032241","avg_linear_acc_window","153000","1760366829532","2.378126589250751"
"single_R4.6.10_W2E4_T5.2_dangerous_20251013_224357","e583ade55f28481e83808122a9032241","avg_linear_acc_window","154000","1760366844820","2.018335140732117"
"single_R4.6.10_W2E4_T5.2_dangerous_20251013_224357","e583ade55f28481e83808122a9032241","avg_linear_acc_window","155500","1760366866828","1.9158115980178119"
"single_R4.6.10_W2E4_T5.2_dangerous_20251013_224357","e583ade55f28481e83808122a9032241","avg_linear_acc_window","156500","1760366880445","1.9580297445897012"
"single_R4.6.10_W2E4_T5.2_dangerous_20251013_224357","e583ade55f28481e83808122a9032241","avg_linear_acc_window","158000","1760366901583","1.9555057895379142"
"single_R4.6.10_W2E4_T5.2_dangerous_20251013_224357","e583ade55f28481e83808122a9032241","avg_linear_acc_window","159000","1760366915256","1.9804606864284724"
"single_R4.6.10_W2E4_T5.2_dangerous_20251013_224357","e583ade55f28481e83808122a9032241","avg_linear_acc_window","160000","1760366929617","2.098092685601674"
"single_R4.6.10_W2E4_T5.2_dangerous_20251013_224357","e583ade55f28481e83808122a9032241","avg_linear_acc_window","160500","1760366936498","2.0413288234071807"
"single_R4.6.10_W2E4_T5.2_dangerous_20251013_224357","e583ade55f28481e83808122a9032241","avg_linear_acc_window","161500","1760366950388","1.9888961542658508"
"single_R4.6.10_W2E4_T5.2_dangerous_20251013_224357","e583ade55f28481e83808122a9032241","avg_linear_acc_window","163000","1760366971439","2.0266068258937446"
"single_R4.6.10_W2E4_T5.2_dangerous_20251013_224357","e583ade55f28481e83808122a9032241","avg_linear_acc_window","164000","1760366985963","2.0101287191873416"
"single_R4.6.10_W2E4_T5.2_dangerous_20251013_224357","e583ade55f28481e83808122a9032241","avg_linear_acc_window","165500","1760367006426","2.0297293499419466"
"single_R4.6.10_W2E4_T5.2_dangerous_20251013_224357","e583ade55f28481e83808122a9032241","avg_linear_acc_window","166500","1760367020524","2.0917296013031157"
"single_R4.6.10_W2E4_T5.2_dangerous_20251013_224357","e583ade55f28481e83808122a9032241","avg_linear_acc_window","168000","1760367041015","2.0015304945437236"
"single_R4.6.10_W2E4_T5.2_dangerous_20251013_224357","e583ade55f28481e83808122a9032241","avg_linear_acc_window","169000","1760367055404","2.132263250531629"
"single_R4.6.10_W2E4_T5.2_dangerous_20251013_224357","e583ade55f28481e83808122a9032241","avg_linear_acc_window","170500","1760367076220","1.9186574593754486"
"single_R4.6.10_W2E4_T5.2_dangerous_20251013_224357","e583ade55f28481e83808122a9032241","avg_linear_acc_window","171500","1760367090237","2.016045532054268"
"single_R4.6.10_W2E4_T5.2_dangerous_20251013_224357","e583ade55f28481e83808122a9032241","avg_linear_acc_window","173000","1760367111729","2.141924294369295"
"single_R4.6.10_W2E4_T5.2_dangerous_20251013_224357","e583ade55f28481e83808122a9032241","avg_linear_acc_window","174000","1760367125643","2.0480089005781337"
"single_R4.6.10_W2E4_T5.2_dangerous_20251013_224357","e583ade55f28481e83808122a9032241","avg_linear_acc_window","175500","1760367146663","2.0762602307992055"
"single_R4.6.10_W2E4_T5.2_dangerous_20251013_224357","e583ade55f28481e83808122a9032241","avg_linear_acc_window","176500","1760367160200","2.11819703675434"
"single_R4.6.10_W2E4_T5.2_dangerous_20251013_224357","e583ade55f28481e83808122a9032241","avg_linear_acc_window","178000","1760367181539","1.97849300490506"
"single_R4.6.10_W2E4_T5.2_dangerous_20251013_224357","e583ade55f28481e83808122a9032241","avg_linear_acc_window","179000","1760367195173","2.0101220689509063"
"single_R4.6.10_W2E4_T5.2_dangerous_20251013_224357","e583ade55f28481e83808122a9032241","avg_linear_acc_window","180500","1760367216058","2.104398732652888"
"single_R4.6.10_W2E4_T5.2_dangerous_20251013_224357","e583ade55f28481e83808122a9032241","avg_linear_acc_window","181500","1760367230145","2.0903227372625843"
"single_R4.6.10_W2E4_T5.2_dangerous_20251013_224357","e583ade55f28481e83808122a9032241","avg_linear_acc_window","183000","1760367251294","2.0354668254591526"
"single_R4.6.10_W2E4_T5.2_dangerous_20251013_224357","e583ade55f28481e83808122a9032241","avg_linear_acc_window","184000","1760367265671","2.0004883024422453"
"single_R4.6.10_W2E4_T5.2_dangerous_20251013_224357","e583ade55f28481e83808122a9032241","avg_linear_acc_window","185500","1760367286324","2.0829223722508177"
"single_R4.6.10_W2E4_T5.2_dangerous_20251013_224357","e583ade55f28481e83808122a9032241","avg_linear_acc_window","186500","1760367300343","1.947773923945613"
"single_R4.6.10_W2E4_T5.2_dangerous_20251013_224357","e583ade55f28481e83808122a9032241","avg_linear_acc_window","188000","1760367321388","2.144348860421218"
"single_R4.6.10_W2E4_T5.2_dangerous_20251013_224357","e583ade55f28481e83808122a9032241","avg_linear_acc_window","189000","1760367335578","2.2542887057960033"
"single_R4.6.10_W2E4_T5.2_dangerous_20251013_224357","e583ade55f28481e83808122a9032241","avg_linear_acc_window","190500","1760367356860","2.141373128544539"
"single_R4.6.10_W2E4_T5.2_dangerous_20251013_224357","e583ade55f28481e83808122a9032241","avg_linear_acc_window","191500","1760367371016","2.1802112681297587"
"single_R4.6.10_W2E4_T5.2_dangerous_20251013_224357","e583ade55f28481e83808122a9032241","avg_linear_acc_window","193000","1760367392377","1.9995423645200208"
"single_R4.6.10_W2E4_T5.2_dangerous_20251013_224357","e583ade55f28481e83808122a9032241","avg_linear_acc_window","194000","1760367406580","2.117916825232096"
"single_R4.6.10_W2E4_T5.2_dangerous_20251013_224357","e583ade55f28481e83808122a9032241","avg_linear_acc_window","195500","1760367428583","2.0944677964122964"
"single_R4.6.10_W2E4_T5.2_dangerous_20251013_224357","e583ade55f28481e83808122a9032241","avg_linear_acc_window","196500","1760367444125","1.9707994998274372"
"single_R4.6.10_W2E4_T5.2_dangerous_20251013_224357","e583ade55f28481e83808122a9032241","avg_linear_acc_window","198000","1760367464901","2.0856294380445033"
"single_R4.6.10_W2E4_T5.2_dangerous_20251013_224357","e583ade55f28481e83808122a9032241","avg_linear_acc_window","199000","1760367479518","1.9341161879915745"
"single_R4.6.10_W2E4_T5.2_dangerous_20251013_224357","e583ade55f28481e83808122a9032241","avg_linear_acc_window","200000","1760367493402","2.2115992653165013"
"single_R4.6.10_W2E4_T5.2_dangerous_20251013_224357","e583ade55f28481e83808122a9032241","avg_linear_acc_window","200500","1760367500526","2.08283463910874"
"single_R4.6.10_W2E4_T5.2_dangerous_20251013_224357","e583ade55f28481e83808122a9032241","avg_linear_acc_window","201500","1760367514630","2.344912010155618"
"single_R4.6.10_W2E4_T5.2_dangerous_20251013_224357","e583ade55f28481e83808122a9032241","avg_linear_acc_window","203000","1760367536064","1.9866010323930532"
"single_R4.6.10_W2E4_T5.2_dangerous_20251013_224357","e583ade55f28481e83808122a9032241","avg_linear_acc_window","204000","1760367550103","2.185741323033348"
"single_R4.6.10_W2E4_T5.2_dangerous_20251013_224357","e583ade55f28481e83808122a9032241","avg_linear_acc_window","205500","1760367571708","2.1557693857736884"
"single_R4.6.10_W2E4_T5.2_dangerous_20251013_224357","e583ade55f28481e83808122a9032241","avg_linear_acc_window","206500","1760367585478","2.2345204797657208"
"single_R4.6.10_W2E4_T5.2_dangerous_20251013_224357","e583ade55f28481e83808122a9032241","avg_linear_acc_window","208000","1760367606978","2.006265647002496"
"single_R4.6.10_W2E4_T5.2_dangerous_20251013_224357","e583ade55f28481e83808122a9032241","avg_linear_acc_window","209000","1760367622287","1.8939017286999151"
"single_R4.6.10_W2E4_T5.2_dangerous_20251013_224357","e583ade55f28481e83808122a9032241","avg_linear_acc_window","210500","1760367643849","2.03131205351837"
"single_R4.6.10_W2E4_T5.2_dangerous_20251013_224357","e583ade55f28481e83808122a9032241","avg_linear_acc_window","211500","1760367658269","1.8355039837760851"
"single_R4.6.10_W2E4_T5.2_dangerous_20251013_224357","e583ade55f28481e83808122a9032241","avg_linear_acc_window","213000","1760367679650","2.1112566805239767"
"single_R4.6.10_W2E4_T5.2_dangerous_20251013_224357","e583ade55f28481e83808122a9032241","avg_linear_acc_window","214000","1760367694210","2.1458715735264122"
"single_R4.6.10_W2E4_T5.2_dangerous_20251013_224357","e583ade55f28481e83808122a9032241","avg_linear_acc_window","215500","1760367715832","1.9785014537433163"
"single_R4.6.10_W2E4_T5.2_dangerous_20251013_224357","e583ade55f28481e83808122a9032241","avg_linear_acc_window","216500","1760367730357","1.9493340363027527"
"single_R4.6.10_W2E4_T5.2_dangerous_20251013_224357","e583ade55f28481e83808122a9032241","avg_linear_acc_window","218000","1760367751637","2.0010858940724283"
"single_R4.6.10_W2E4_T5.2_dangerous_20251013_224357","e583ade55f28481e83808122a9032241","avg_linear_acc_window","219000","1760367766051","1.909825146571733"
"single_R4.6.10_W2E4_T5.2_dangerous_20251013_224357","e583ade55f28481e83808122a9032241","avg_linear_acc_window","220000","1760367780963","1.9590803705547004"
"single_R4.6.10_W2E4_T4.1_fragile_20251013_173803","7d5701feac814f5bbd40752a92b0efa5","avg_linear_acc_window","140500","1760348302501","5.3438273717351255"
"single_R4.6.10_W2E4_T4.1_fragile_20251013_173803","7d5701feac814f5bbd40752a92b0efa5","avg_linear_acc_window","141500","1760348326575","4.800827754123136"
"single_R4.6.10_W2E4_T4.1_fragile_20251013_173803","7d5701feac814f5bbd40752a92b0efa5","avg_linear_acc_window","143000","1760348360939","3.950662893358618"
"single_R4.6.10_W2E4_T4.1_fragile_20251013_173803","7d5701feac814f5bbd40752a92b0efa5","avg_linear_acc_window","144000","1760348385655","3.9373902059011163"
"single_R4.6.10_W2E4_T4.1_fragile_20251013_173803","7d5701feac814f5bbd40752a92b0efa5","avg_linear_acc_window","145500","1760348421412","3.4176933420188726"
"single_R4.6.10_W2E4_T4.1_fragile_20251013_173803","7d5701feac814f5bbd40752a92b0efa5","avg_linear_acc_window","146500","1760348444405","3.3433993667932227"
"single_R4.6.10_W2E4_T4.1_fragile_20251013_173803","7d5701feac814f5bbd40752a92b0efa5","avg_linear_acc_window","148000","1760348480475","3.024753496254794"
"single_R4.6.10_W2E4_T4.1_fragile_20251013_173803","7d5701feac814f5bbd40752a92b0efa5","avg_linear_acc_window","149000","1760348504120","3.3591649229861797"
"single_R4.6.10_W2E4_T4.1_fragile_20251013_173803","7d5701feac814f5bbd40752a92b0efa5","avg_linear_acc_window","150500","1760348540203","3.3086921164309606"
"single_R4.6.10_W2E4_T4.1_fragile_20251013_173803","7d5701feac814f5bbd40752a92b0efa5","avg_linear_acc_window","151500","1760348564017","3.037187946596183"
"single_R4.6.10_W2E4_T4.1_fragile_20251013_173803","7d5701feac814f5bbd40752a92b0efa5","avg_linear_acc_window","153000","1760348600024","3.168450666259043"
"single_R4.6.10_W2E4_T4.1_fragile_20251013_173803","7d5701feac814f5bbd40752a92b0efa5","avg_linear_acc_window","154000","1760348624308","2.920874451351352"
"single_R4.6.10_W2E4_T4.1_fragile_20251013_173803","7d5701feac814f5bbd40752a92b0efa5","avg_linear_acc_window","155500","1760348660200","2.6653903075400738"
"single_R4.6.10_W2E4_T4.1_fragile_20251013_173803","7d5701feac814f5bbd40752a92b0efa5","avg_linear_acc_window","156500","1760348684261","2.871617183899507"
"single_R4.6.10_W2E4_T4.1_fragile_20251013_173803","7d5701feac814f5bbd40752a92b0efa5","avg_linear_acc_window","158000","1760348721047","2.6775063185784966"
"single_R4.6.10_W2E4_T4.1_fragile_20251013_173803","7d5701feac814f5bbd40752a92b0efa5","avg_linear_acc_window","159000","1760348744464","2.811069672908634"
"single_R4.6.10_W2E4_T4.1_fragile_20251013_173803","7d5701feac814f5bbd40752a92b0efa5","avg_linear_acc_window","160000","1760348767832","3.049883664214052"
"single_R4.6.10_W2E4_T4.1_fragile_20251013_173803","7d5701feac814f5bbd40752a92b0efa5","avg_linear_acc_window","160500","1760348780136","2.9796816634982823"
"single_R4.6.10_W2E4_T4.1_fragile_20251013_173803","7d5701feac814f5bbd40752a92b0efa5","avg_linear_acc_window","161500","1760348803743","3.0975587904872373"
"single_R4.6.10_W2E4_T4.1_fragile_20251013_173803","7d5701feac814f5bbd40752a92b0efa5","avg_linear_acc_window","163000","1760348840206","2.6560150806978347"
"single_R4.6.10_W2E4_T4.1_fragile_20251013_173803","7d5701feac814f5bbd40752a92b0efa5","avg_linear_acc_window","164000","1760348864145","2.8384056080458686"
"single_R4.6.10_W2E4_T4.1_fragile_20251013_173803","7d5701feac814f5bbd40752a92b0efa5","avg_linear_acc_window","165500","1760348900526","2.7965651915613563"
"single_R4.6.10_W2E4_T4.1_fragile_20251013_173803","7d5701feac814f5bbd40752a92b0efa5","avg_linear_acc_window","166500","1760348923899","3.0785893339058386"
"single_R4.6.10_W2E4_T4.1_fragile_20251013_173803","7d5701feac814f5bbd40752a92b0efa5","avg_linear_acc_window","168000","1760348959381","2.8190572535460814"
"single_R4.6.10_W2E4_T4.1_fragile_20251013_173803","7d5701feac814f5bbd40752a92b0efa5","avg_linear_acc_window","169000","1760348984490","2.893801342550665"
"single_R4.6.10_W2E4_T4.1_fragile_20251013_173803","7d5701feac814f5bbd40752a92b0efa5","avg_linear_acc_window","170500","1760349021543","2.6881364832287655"
"single_R4.6.10_W2E4_T4.1_fragile_20251013_173803","7d5701feac814f5bbd40752a92b0efa5","avg_linear_acc_window","171500","1760349046309","2.610733477305621"
"single_R4.6.10_W2E4_T4.1_fragile_20251013_173803","7d5701feac814f5bbd40752a92b0efa5","avg_linear_acc_window","173000","1760349082778","2.646281440131366"
"single_R4.6.10_W2E4_T4.1_fragile_20251013_173803","7d5701feac814f5bbd40752a92b0efa5","avg_linear_acc_window","174000","1760349107371","2.487269093107432"
"single_R4.6.10_W2E4_T4.1_fragile_20251013_173803","7d5701feac814f5bbd40752a92b0efa5","avg_linear_acc_window","175500","1760349143840","2.7803086310038343"
"single_R4.6.10_W2E4_T4.1_fragile_20251013_173803","7d5701feac814f5bbd40752a92b0efa5","avg_linear_acc_window","176500","1760349168172","2.6816196962986143"
"single_R4.6.10_W2E4_T4.1_fragile_20251013_173803","7d5701feac814f5bbd40752a92b0efa5","avg_linear_acc_window","178000","1760349204723","2.722104348017834"
"single_R4.6.10_W2E4_T4.1_fragile_20251013_173803","7d5701feac814f5bbd40752a92b0efa5","avg_linear_acc_window","179000","1760349228403","2.653430206514895"
"single_R4.6.10_W2E4_T4.1_fragile_20251013_173803","7d5701feac814f5bbd40752a92b0efa5","avg_linear_acc_window","180500","1760349265234","2.624502046613954"
"single_R4.6.10_W2E4_T4.1_fragile_20251013_173803","7d5701feac814f5bbd40752a92b0efa5","avg_linear_acc_window","181500","1760349289790","2.6157724439268932"
"single_R4.6.10_W2E4_T4.1_fragile_20251013_173803","7d5701feac814f5bbd40752a92b0efa5","avg_linear_acc_window","183000","1760349326875","2.7508914865460246"
"single_R4.6.10_W2E4_T4.1_fragile_20251013_173803","7d5701feac814f5bbd40752a92b0efa5","avg_linear_acc_window","184000","1760349351939","2.5266314872829243"
"single_R4.6.10_W2E4_T4.1_fragile_20251013_173803","7d5701feac814f5bbd40752a92b0efa5","avg_linear_acc_window","185500","1760349388716","2.657065447668545"
"single_R4.6.10_W2E4_T4.1_fragile_20251013_173803","7d5701feac814f5bbd40752a92b0efa5","avg_linear_acc_window","186500","1760349413534","2.6448219531755894"
"single_R4.6.10_W2E4_T4.1_fragile_20251013_173803","7d5701feac814f5bbd40752a92b0efa5","avg_linear_acc_window","188000","1760349451105","2.5937119425628334"
"single_R4.6.10_W2E4_T4.1_fragile_20251013_173803","7d5701feac814f5bbd40752a92b0efa5","avg_linear_acc_window","189000","1760349476013","2.688144167834893"
"single_R4.6.10_W2E4_T4.1_fragile_20251013_173803","7d5701feac814f5bbd40752a92b0efa5","avg_linear_acc_window","190500","1760349512890","2.614607463750988"
"single_R4.6.10_W2E4_T4.1_fragile_20251013_173803","7d5701feac814f5bbd40752a92b0efa5","avg_linear_acc_window","191500","1760349537856","2.5046139971902592"
"single_R4.6.10_W2E4_T4.1_fragile_20251013_173803","7d5701feac814f5bbd40752a92b0efa5","avg_linear_acc_window","193000","1760349575571","2.6569485582979397"
"single_R4.6.10_W2E4_T4.1_fragile_20251013_173803","7d5701feac814f5bbd40752a92b0efa5","avg_linear_acc_window","194000","1760349600804","2.5284951316909865"
"single_R4.6.10_W2E4_T4.1_fragile_20251013_173803","7d5701feac814f5bbd40752a92b0efa5","avg_linear_acc_window","195500","1760349637668","2.6041782781779768"
"single_R4.6.10_W2E4_T4.1_fragile_20251013_173803","7d5701feac814f5bbd40752a92b0efa5","avg_linear_acc_window","196500","1760349662862","2.4000294144153593"
"single_R4.6.10_W2E4_T4.1_fragile_20251013_173803","7d5701feac814f5bbd40752a92b0efa5","avg_linear_acc_window","198000","1760349700236","2.4582238590111958"
"single_R4.6.10_W2E4_T4.1_fragile_20251013_173803","7d5701feac814f5bbd40752a92b0efa5","avg_linear_acc_window","199000","1760349725274","2.4433959580156954"
"single_R4.6.10_W2E4_T4.1_fragile_20251013_173803","7d5701feac814f5bbd40752a92b0efa5","avg_linear_acc_window","200000","1760349750096","2.4567513508945704"
"single_R4.6.10_W2E4_T3.4_dangerous_20251013_162524","e8e28dc4218f48eea06d3e47e46537f9","avg_linear_acc_window","500","1760343934926","8.514648926280438"
"single_R4.6.10_W2E4_T3.4_dangerous_20251013_162524","e8e28dc4218f48eea06d3e47e46537f9","avg_linear_acc_window","1500","1760343948235","8.459759673655032"
"single_R4.6.10_W2E4_T3.4_dangerous_20251013_162524","e8e28dc4218f48eea06d3e47e46537f9","avg_linear_acc_window","3000","1760343975206","0.9222999223209918"
"single_R4.6.10_W2E4_T3.4_dangerous_20251013_162524","e8e28dc4218f48eea06d3e47e46537f9","avg_linear_acc_window","4000","1760343996876","0.8922807476874441"
"single_R4.6.10_W2E4_T3.4_dangerous_20251013_162524","e8e28dc4218f48eea06d3e47e46537f9","avg_linear_acc_window","5500","1760344025383","2.60054995582439"
"single_R4.6.10_W2E4_T3.4_dangerous_20251013_162524","e8e28dc4218f48eea06d3e47e46537f9","avg_linear_acc_window","6500","1760344046474","3.18705805728212"
"single_R4.6.10_W2E4_T3.4_dangerous_20251013_162524","e8e28dc4218f48eea06d3e47e46537f9","avg_linear_acc_window","8000","1760344074143","2.9257748972959816"
"single_R4.6.10_W2E4_T3.4_dangerous_20251013_162524","e8e28dc4218f48eea06d3e47e46537f9","avg_linear_acc_window","9000","1760344090702","2.849660478539765"
"single_R4.6.10_W2E4_T3.4_dangerous_20251013_162524","e8e28dc4218f48eea06d3e47e46537f9","avg_linear_acc_window","10500","1760344116019","3.2843253258466722"
"single_R4.6.10_W2E4_T3.4_dangerous_20251013_162524","e8e28dc4218f48eea06d3e47e46537f9","avg_linear_acc_window","11500","1760344132781","3.5674475891115143"
"single_R4.6.10_W2E4_T3.4_dangerous_20251013_162524","e8e28dc4218f48eea06d3e47e46537f9","avg_linear_acc_window","13000","1760344157648","3.5320345381582157"
"single_R4.6.10_W2E4_T3.4_dangerous_20251013_162524","e8e28dc4218f48eea06d3e47e46537f9","avg_linear_acc_window","14000","1760344174588","3.3384377878736706"
"single_R4.6.10_W2E4_T3.4_dangerous_20251013_162524","e8e28dc4218f48eea06d3e47e46537f9","avg_linear_acc_window","15500","1760344200278","3.4296501154154537"
"single_R4.6.10_W2E4_T3.4_dangerous_20251013_162524","e8e28dc4218f48eea06d3e47e46537f9","avg_linear_acc_window","16500","1760344216962","3.306535805637017"
"single_R4.6.10_W2E4_T3.4_dangerous_20251013_162524","e8e28dc4218f48eea06d3e47e46537f9","avg_linear_acc_window","18000","1760344243364","3.003368845105171"
"single_R4.6.10_W2E4_T3.4_dangerous_20251013_162524","e8e28dc4218f48eea06d3e47e46537f9","avg_linear_acc_window","19000","1760344261049","2.871218171755783"
"single_R4.6.10_W2E4_T3.4_dangerous_20251013_162524","e8e28dc4218f48eea06d3e47e46537f9","avg_linear_acc_window","20500","1760344286838","2.69010121088475"
"single_R4.6.10_W2E4_T3.4_dangerous_20251013_162524","e8e28dc4218f48eea06d3e47e46537f9","avg_linear_acc_window","21500","1760344303980","2.682917568315752"
"single_R4.6.10_W2E4_T3.4_dangerous_20251013_162524","e8e28dc4218f48eea06d3e47e46537f9","avg_linear_acc_window","23000","1760344329409","2.7142628236599267"
"single_R4.6.10_W2E4_T3.4_dangerous_20251013_162524","e8e28dc4218f48eea06d3e47e46537f9","avg_linear_acc_window","24000","1760344346073","2.669030822476372"
"single_R4.6.10_W2E4_T3.4_dangerous_20251013_162524","e8e28dc4218f48eea06d3e47e46537f9","avg_linear_acc_window","25500","1760344372018","2.970524113235995"
"single_R4.6.10_W2E4_T3.4_dangerous_20251013_162524","e8e28dc4218f48eea06d3e47e46537f9","avg_linear_acc_window","26500","1760344389906","2.867137206229381"
"single_R4.6.10_W2E4_T3.4_dangerous_20251013_162524","e8e28dc4218f48eea06d3e47e46537f9","avg_linear_acc_window","28000","1760344415674","2.6490699509028346"
"single_R4.6.10_W2E4_T3.4_dangerous_20251013_162524","e8e28dc4218f48eea06d3e47e46537f9","avg_linear_acc_window","29000","1760344432432","2.766966871236451"
"single_R4.6.10_W2E4_T3.4_dangerous_20251013_162524","e8e28dc4218f48eea06d3e47e46537f9","avg_linear_acc_window","30500","1760344458231","2.7681834223410116"
"single_R4.6.10_W2E4_T3.4_dangerous_20251013_162524","e8e28dc4218f48eea06d3e47e46537f9","avg_linear_acc_window","31500","1760344475462","2.7699802933633326"
"single_R4.6.10_W2E4_T3.4_dangerous_20251013_162524","e8e28dc4218f48eea06d3e47e46537f9","avg_linear_acc_window","33000","1760344500326","2.804277102733031"
"single_R4.6.10_W2E4_T3.4_dangerous_20251013_162524","e8e28dc4218f48eea06d3e47e46537f9","avg_linear_acc_window","34000","1760344518215","2.6825841373410078"
"single_R4.6.10_W2E4_T3.4_dangerous_20251013_162524","e8e28dc4218f48eea06d3e47e46537f9","avg_linear_acc_window","35500","1760344543735","2.6788146477919073"
"single_R4.6.10_W2E4_T3.4_dangerous_20251013_162524","e8e28dc4218f48eea06d3e47e46537f9","avg_linear_acc_window","36500","1760344560391","2.7578273812150584"
"single_R4.6.10_W2E4_T3.4_dangerous_20251013_162524","e8e28dc4218f48eea06d3e47e46537f9","avg_linear_acc_window","38000","1760344586115","2.7522027095323427"
"single_R4.6.10_W2E4_T3.4_dangerous_20251013_162524","e8e28dc4218f48eea06d3e47e46537f9","avg_linear_acc_window","39000","1760344603496","2.6219615892581642"
"single_R4.6.10_W2E4_T3.4_dangerous_20251013_162524","e8e28dc4218f48eea06d3e47e46537f9","avg_linear_acc_window","40500","1760344629482","2.632993336962536"
"single_R4.6.10_W2E4_T3.4_dangerous_20251013_162524","e8e28dc4218f48eea06d3e47e46537f9","avg_linear_acc_window","41500","1760344646042","2.720285678897984"
"single_R4.6.10_W2E4_T3.4_dangerous_20251013_162524","e8e28dc4218f48eea06d3e47e46537f9","avg_linear_acc_window","43000","1760344671964","2.6436561088161543"
"single_R4.6.10_W2E4_T3.4_dangerous_20251013_162524","e8e28dc4218f48eea06d3e47e46537f9","avg_linear_acc_window","44000","1760344689493","2.734888338789344"
"single_R4.6.10_W2E4_T3.4_dangerous_20251013_162524","e8e28dc4218f48eea06d3e47e46537f9","avg_linear_acc_window","45500","1760344714627","2.654574932841584"
"single_R4.6.10_W2E4_T3.4_dangerous_20251013_162524","e8e28dc4218f48eea06d3e47e46537f9","avg_linear_acc_window","46500","1760344732368","2.8395427910126747"
"single_R4.6.10_W2E4_T3.4_dangerous_20251013_162524","e8e28dc4218f48eea06d3e47e46537f9","avg_linear_acc_window","48000","1760344757964","2.8298636625288056"
"single_R4.6.10_W2E4_T3.4_dangerous_20251013_162524","e8e28dc4218f48eea06d3e47e46537f9","avg_linear_acc_window","49000","1760344774380","2.7314682542821394"
"single_R4.6.10_W2E4_T3.4_dangerous_20251013_162524","e8e28dc4218f48eea06d3e47e46537f9","avg_linear_acc_window","50500","1760344800121","2.7447734138816595"
"single_R4.6.10_W2E4_T3.4_dangerous_20251013_162524","e8e28dc4218f48eea06d3e47e46537f9","avg_linear_acc_window","51500","1760344817467","2.6662273881556464"
"single_R4.6.10_W2E4_T3.4_dangerous_20251013_162524","e8e28dc4218f48eea06d3e47e46537f9","avg_linear_acc_window","53000","1760344843076","2.8391664602402598"
"single_R4.6.10_W2E4_T3.4_dangerous_20251013_162524","e8e28dc4218f48eea06d3e47e46537f9","avg_linear_acc_window","54000","1760344859879","2.7382949547953905"
"single_R4.6.10_W2E4_T3.4_dangerous_20251013_162524","e8e28dc4218f48eea06d3e47e46537f9","avg_linear_acc_window","55500","1760344885786","2.593070371392183"
"single_R4.6.10_W2E4_T3.4_dangerous_20251013_162524","e8e28dc4218f48eea06d3e47e46537f9","avg_linear_acc_window","56500","1760344902731","2.6976301517495886"
"single_R4.6.10_W2E4_T3.4_dangerous_20251013_162524","e8e28dc4218f48eea06d3e47e46537f9","avg_linear_acc_window","58000","1760344928237","2.6303594674738124"
"single_R4.6.10_W2E4_T3.4_dangerous_20251013_162524","e8e28dc4218f48eea06d3e47e46537f9","avg_linear_acc_window","59000","1760344945343","2.603215939662419"
"single_R4.6.10_W2E4_T3.4_dangerous_20251013_162524","e8e28dc4218f48eea06d3e47e46537f9","avg_linear_acc_window","60500","1760344971370","2.65919125277549"
"single_R4.6.10_W2E4_T3.4_dangerous_20251013_162524","e8e28dc4218f48eea06d3e47e46537f9","avg_linear_acc_window","61500","1760344987924","2.5907800415139643"
"single_R4.6.10_W2E4_T3.4_dangerous_20251013_162524","e8e28dc4218f48eea06d3e47e46537f9","avg_linear_acc_window","63000","1760345013996","2.5765182640599087"
"single_R4.6.10_W2E4_T3.4_dangerous_20251013_162524","e8e28dc4218f48eea06d3e47e46537f9","avg_linear_acc_window","64000","1760345031353","2.7017220936082302"
"single_R4.6.10_W2E4_T3.4_dangerous_20251013_162524","e8e28dc4218f48eea06d3e47e46537f9","avg_linear_acc_window","65500","1760345056899","2.744386205587536"
"single_R4.6.10_W2E4_T3.4_dangerous_20251013_162524","e8e28dc4218f48eea06d3e47e46537f9","avg_linear_acc_window","66500","1760345073947","2.7396017060838638"
"single_R4.6.10_W2E4_T3.4_dangerous_20251013_162524","e8e28dc4218f48eea06d3e47e46537f9","avg_linear_acc_window","68000","1760345099436","2.5398520654980095"
"single_R4.6.10_W2E4_T3.4_dangerous_20251013_162524","e8e28dc4218f48eea06d3e47e46537f9","avg_linear_acc_window","69000","1760345116178","2.5213920410061257"
"single_R4.6.10_W2E4_T3.4_dangerous_20251013_162524","e8e28dc4218f48eea06d3e47e46537f9","avg_linear_acc_window","70500","1760345141678","2.659335574278608"
"single_R4.6.10_W2E4_T3.4_dangerous_20251013_162524","e8e28dc4218f48eea06d3e47e46537f9","avg_linear_acc_window","71500","1760345158931","2.6581107500102372"
"single_R4.6.10_W2E4_T3.4_dangerous_20251013_162524","e8e28dc4218f48eea06d3e47e46537f9","avg_linear_acc_window","73000","1760345184683","2.685133495517075"
"single_R4.6.10_W2E4_T3.4_dangerous_20251013_162524","e8e28dc4218f48eea06d3e47e46537f9","avg_linear_acc_window","74000","1760345201158","2.532691594730131"
"single_R4.6.10_W2E4_T3.4_dangerous_20251013_162524","e8e28dc4218f48eea06d3e47e46537f9","avg_linear_acc_window","75500","1760345226747","2.584403540989384"
"single_R4.6.10_W2E4_T3.4_dangerous_20251013_162524","e8e28dc4218f48eea06d3e47e46537f9","avg_linear_acc_window","76500","1760345244079","2.5219692773539575"
"single_R4.6.10_W2E4_T3.4_dangerous_20251013_162524","e8e28dc4218f48eea06d3e47e46537f9","avg_linear_acc_window","78000","1760345268919","2.4617581492578613"
"single_R4.6.10_W2E4_T3.4_dangerous_20251013_162524","e8e28dc4218f48eea06d3e47e46537f9","avg_linear_acc_window","79000","1760345286117","2.4036756652314217"
"single_R4.6.10_W2E4_T3.4_dangerous_20251013_162524","e8e28dc4218f48eea06d3e47e46537f9","avg_linear_acc_window","80500","1760345311829","2.4897578226039188"
"single_R4.6.10_W2E4_T3.4_dangerous_20251013_162524","e8e28dc4218f48eea06d3e47e46537f9","avg_linear_acc_window","81500","1760345328294","2.363324423187412"
"single_R4.6.10_W2E4_T3.4_dangerous_20251013_162524","e8e28dc4218f48eea06d3e47e46537f9","avg_linear_acc_window","83000","1760345353888","2.3399268009187653"
"single_R4.6.10_W2E4_T3.4_dangerous_20251013_162524","e8e28dc4218f48eea06d3e47e46537f9","avg_linear_acc_window","84000","1760345371214","2.305519627014175"
"single_R4.6.10_W2E4_T3.4_dangerous_20251013_162524","e8e28dc4218f48eea06d3e47e46537f9","avg_linear_acc_window","85500","1760345396188","2.4645490975324065"
"single_R4.6.10_W2E4_T3.4_dangerous_20251013_162524","e8e28dc4218f48eea06d3e47e46537f9","avg_linear_acc_window","86500","1760345413147","2.366904025282711"
"single_R4.6.10_W2E4_T3.4_dangerous_20251013_162524","e8e28dc4218f48eea06d3e47e46537f9","avg_linear_acc_window","88000","1760345438707","2.3475080978758633"
"single_R4.6.10_W2E4_T3.4_dangerous_20251013_162524","e8e28dc4218f48eea06d3e47e46537f9","avg_linear_acc_window","89000","1760345455424","2.1984978513782845"
"single_R4.6.10_W2E4_T3.4_dangerous_20251013_162524","e8e28dc4218f48eea06d3e47e46537f9","avg_linear_acc_window","90500","1760345480800","2.273196555411443"
"single_R4.6.10_W2E4_T3.4_dangerous_20251013_162524","e8e28dc4218f48eea06d3e47e46537f9","avg_linear_acc_window","91500","1760345498057","2.275744599709287"
"single_R4.6.10_W2E4_T3.4_dangerous_20251013_162524","e8e28dc4218f48eea06d3e47e46537f9","avg_linear_acc_window","93000","1760345523620","2.3994833010435106"
"single_R4.6.10_W2E4_T3.4_dangerous_20251013_162524","e8e28dc4218f48eea06d3e47e46537f9","avg_linear_acc_window","94000","1760345540005","2.277780838098377"
"single_R4.6.10_W2E4_T3.4_dangerous_20251013_162524","e8e28dc4218f48eea06d3e47e46537f9","avg_linear_acc_window","95500","1760345565926","2.312829932889901"
"single_R4.6.10_W2E4_T3.4_dangerous_20251013_162524","e8e28dc4218f48eea06d3e47e46537f9","avg_linear_acc_window","96500","1760345585348","2.36725535915792"
"single_R4.6.10_W2E4_T3.4_dangerous_20251013_162524","e8e28dc4218f48eea06d3e47e46537f9","avg_linear_acc_window","98000","1760345610754","2.4159257213752716"
"single_R4.6.10_W2E4_T3.4_dangerous_20251013_162524","e8e28dc4218f48eea06d3e47e46537f9","avg_linear_acc_window","99000","1760345628076","2.379378721968271"
"single_R4.6.10_W2E4_T3.4_dangerous_20251013_162524","e8e28dc4218f48eea06d3e47e46537f9","avg_linear_acc_window","100500","1760345653315","2.409357834019698"
"single_R4.6.10_W2E4_T3.4_dangerous_20251013_162524","e8e28dc4218f48eea06d3e47e46537f9","avg_linear_acc_window","101500","1760345669824","2.341901078214869"
"single_R4.6.10_W2E4_T3.4_dangerous_20251013_162524","e8e28dc4218f48eea06d3e47e46537f9","avg_linear_acc_window","103000","1760345695237","2.255184079993516"
"single_R4.6.10_W2E4_T3.4_dangerous_20251013_162524","e8e28dc4218f48eea06d3e47e46537f9","avg_linear_acc_window","104000","1760345712272","2.2988008529823274"
"single_R4.6.10_W2E4_T3.4_dangerous_20251013_162524","e8e28dc4218f48eea06d3e47e46537f9","avg_linear_acc_window","105500","1760345737584","2.1345493982238697"
"single_R4.6.10_W2E4_T3.4_dangerous_20251013_162524","e8e28dc4218f48eea06d3e47e46537f9","avg_linear_acc_window","106500","1760345754516","2.253463392640464"
"single_R4.6.10_W2E4_T3.4_dangerous_20251013_162524","e8e28dc4218f48eea06d3e47e46537f9","avg_linear_acc_window","108000","1760345779733","2.18067816766724"
"single_R4.6.10_W2E4_T3.4_dangerous_20251013_162524","e8e28dc4218f48eea06d3e47e46537f9","avg_linear_acc_window","109000","1760345796173","2.1564757524728777"
"single_R4.6.10_W2E4_T3.4_dangerous_20251013_162524","e8e28dc4218f48eea06d3e47e46537f9","avg_linear_acc_window","110500","1760345821413","2.1227871159678324"
"single_R4.6.10_W2E4_T3.4_dangerous_20251013_162524","e8e28dc4218f48eea06d3e47e46537f9","avg_linear_acc_window","111500","1760345838556","2.139618083565496"
"single_R4.6.10_W2E4_T3.4_dangerous_20251013_162524","e8e28dc4218f48eea06d3e47e46537f9","avg_linear_acc_window","113000","1760345863554","2.134174672519788"
"single_R4.6.10_W2E4_T3.4_dangerous_20251013_162524","e8e28dc4218f48eea06d3e47e46537f9","avg_linear_acc_window","114000","1760345880132","2.1045879174517466"
"single_R4.6.10_W2E4_T3.4_dangerous_20251013_162524","e8e28dc4218f48eea06d3e47e46537f9","avg_linear_acc_window","115500","1760345905566","2.064229973236099"
"single_R4.6.10_W2E4_T3.4_dangerous_20251013_162524","e8e28dc4218f48eea06d3e47e46537f9","avg_linear_acc_window","116500","1760345922305","2.158592400140129"
"single_R4.6.10_W2E4_T3.4_dangerous_20251013_162524","e8e28dc4218f48eea06d3e47e46537f9","avg_linear_acc_window","118000","1760345947500","2.1880780825605615"
"single_R4.6.10_W2E4_T3.4_dangerous_20251013_162524","e8e28dc4218f48eea06d3e47e46537f9","avg_linear_acc_window","119000","1760345964761","2.113266174524091"
"single_R4.6.10_W2E4_T3.4_dangerous_20251013_162524","e8e28dc4218f48eea06d3e47e46537f9","avg_linear_acc_window","120500","1760345989899","2.089297501414083"
"single_R4.6.10_W2E4_T3.4_dangerous_20251013_162524","e8e28dc4218f48eea06d3e47e46537f9","avg_linear_acc_window","121500","1760346006258","2.208085864235647"
"single_R4.6.10_W2E4_T3.4_dangerous_20251013_162524","e8e28dc4218f48eea06d3e47e46537f9","avg_linear_acc_window","123000","1760346031301","2.10358584664017"
"single_R4.6.10_W2E4_T3.4_dangerous_20251013_162524","e8e28dc4218f48eea06d3e47e46537f9","avg_linear_acc_window","124000","1760346048167","2.114299451663159"
"single_R4.6.10_W2E4_T3.4_dangerous_20251013_162524","e8e28dc4218f48eea06d3e47e46537f9","avg_linear_acc_window","125500","1760346074398","2.1608638077611104"
"single_R4.6.10_W2E4_T3.4_dangerous_20251013_162524","e8e28dc4218f48eea06d3e47e46537f9","avg_linear_acc_window","126500","1760346092060","2.18195999511797"
"single_R4.6.10_W2E4_T3.4_dangerous_20251013_162524","e8e28dc4218f48eea06d3e47e46537f9","avg_linear_acc_window","128000","1760346117291","2.0906188048720358"
"single_R4.6.10_W2E4_T3.4_dangerous_20251013_162524","e8e28dc4218f48eea06d3e47e46537f9","avg_linear_acc_window","129000","1760346133520","2.137331074010581"
"single_R4.6.10_W2E4_T3.4_dangerous_20251013_162524","e8e28dc4218f48eea06d3e47e46537f9","avg_linear_acc_window","130500","1760346159114","2.014936764312908"
"single_R4.6.10_W2E4_T3.4_dangerous_20251013_162524","e8e28dc4218f48eea06d3e47e46537f9","avg_linear_acc_window","131500","1760346176701","2.021614679385908"
"single_R4.6.10_W2E4_T3.4_dangerous_20251013_162524","e8e28dc4218f48eea06d3e47e46537f9","avg_linear_acc_window","133000","1760346207021","2.145796850247309"
"single_R4.6.10_W2E4_T3.4_dangerous_20251013_162524","e8e28dc4218f48eea06d3e47e46537f9","avg_linear_acc_window","134000","1760346227595","1.996006080172956"
"single_R4.6.10_W2E4_T3.4_dangerous_20251013_162524","e8e28dc4218f48eea06d3e47e46537f9","avg_linear_acc_window","135500","1760346260697","2.0426181230284275"
"single_R4.6.10_W2E4_T3.4_dangerous_20251013_162524","e8e28dc4218f48eea06d3e47e46537f9","avg_linear_acc_window","136500","1760346277459","2.0680585772534834"
"single_R4.6.10_W2E4_T3.4_dangerous_20251013_162524","e8e28dc4218f48eea06d3e47e46537f9","avg_linear_acc_window","138000","1760346307189","2.0117120014531538"
"single_R4.6.10_W2E4_T3.4_dangerous_20251013_162524","e8e28dc4218f48eea06d3e47e46537f9","avg_linear_acc_window","139000","1760346327846","2.0140433438969776"
"single_R4.6.10_W2E4_T3.4_dangerous_20251013_162524","e8e28dc4218f48eea06d3e47e46537f9","avg_linear_acc_window","140500","1760346357448","2.013190065528266"
"single_R4.6.10_W2E4_T3.4_dangerous_20251013_162524","e8e28dc4218f48eea06d3e47e46537f9","avg_linear_acc_window","141500","1760346378035","2.09819093691837"
"single_R4.6.10_W2E4_T3.4_dangerous_20251013_162524","e8e28dc4218f48eea06d3e47e46537f9","avg_linear_acc_window","143000","1760346406071","2.0648306519305333"
"single_R4.6.10_W2E4_T3.4_dangerous_20251013_162524","e8e28dc4218f48eea06d3e47e46537f9","avg_linear_acc_window","144000","1760346422647","2.1191502801580353"
"single_R4.6.10_W2E4_T3.4_dangerous_20251013_162524","e8e28dc4218f48eea06d3e47e46537f9","avg_linear_acc_window","145500","1760346450584","2.0975243973704054"
"single_R4.6.10_W2E4_T3.4_dangerous_20251013_162524","e8e28dc4218f48eea06d3e47e46537f9","avg_linear_acc_window","146500","1760346471054","2.093251328311861"
"single_R4.6.10_W2E4_T3.4_dangerous_20251013_162524","e8e28dc4218f48eea06d3e47e46537f9","avg_linear_acc_window","148000","1760346500081","2.0692448671897874"
"single_R4.6.10_W2E4_T3.4_dangerous_20251013_162524","e8e28dc4218f48eea06d3e47e46537f9","avg_linear_acc_window","149000","1760346517322","1.9709958013230935"
"single_R4.6.10_W2E4_T3.4_dangerous_20251013_162524","e8e28dc4218f48eea06d3e47e46537f9","avg_linear_acc_window","150500","1760346544450","2.0507772926855834"
"single_R4.6.10_W2E4_T3.4_dangerous_20251013_162524","e8e28dc4218f48eea06d3e47e46537f9","avg_linear_acc_window","151500","1760346563112","2.043866528862156"
"single_R4.6.10_W2E4_T3.4_dangerous_20251013_162524","e8e28dc4218f48eea06d3e47e46537f9","avg_linear_acc_window","153000","1760346589371","2.0273932573702185"
"single_R4.6.10_W2E4_T3.4_dangerous_20251013_162524","e8e28dc4218f48eea06d3e47e46537f9","avg_linear_acc_window","154000","1760346608740","1.9687888493901118"
"single_R4.6.10_W2E4_T3.4_dangerous_20251013_162524","e8e28dc4218f48eea06d3e47e46537f9","avg_linear_acc_window","155500","1760346633692","2.056607672572136"
"single_R4.6.10_W2E4_T3.4_dangerous_20251013_162524","e8e28dc4218f48eea06d3e47e46537f9","avg_linear_acc_window","156500","1760346649609","1.9950165340686217"
"single_R4.6.10_W2E4_T3.4_dangerous_20251013_162524","e8e28dc4218f48eea06d3e47e46537f9","avg_linear_acc_window","158000","1760346673622","2.0335234852731228"
"single_R4.6.10_W2E4_T3.4_dangerous_20251013_162524","e8e28dc4218f48eea06d3e47e46537f9","avg_linear_acc_window","159000","1760346689590","2.027456050957553"
"single_R4.6.10_W2E4_T3.4_dangerous_20251013_162524","e8e28dc4218f48eea06d3e47e46537f9","avg_linear_acc_window","160000","1760346705705","2.0323871193593366"
"single_R4.6.10_W2E4_T6.1_normal_20251009_221340","28d66e4317db4f669af5d1687c0840a8","avg_linear_acc_window","500","1760019231263","7.880957366973162"
"single_R4.6.10_W2E4_T6.1_normal_20251009_221340","28d66e4317db4f669af5d1687c0840a8","avg_linear_acc_window","1500","1760019242154","8.344556362917647"
"single_R4.6.10_W2E4_T6.1_normal_20251009_221340","28d66e4317db4f669af5d1687c0840a8","avg_linear_acc_window","3000","1760019264524","0.8860743873957545"
"single_R4.6.10_W2E4_T6.1_normal_20251009_221340","28d66e4317db4f669af5d1687c0840a8","avg_linear_acc_window","4000","1760019281315","2.3989614233151078"
"single_R4.6.10_W2E4_T6.1_normal_20251009_221340","28d66e4317db4f669af5d1687c0840a8","avg_linear_acc_window","5500","1760019307084","2.452516700546257"
"single_R4.6.10_W2E4_T6.1_normal_20251009_221340","28d66e4317db4f669af5d1687c0840a8","avg_linear_acc_window","6500","1760019322612","4.643547871802934"
"single_R4.6.10_W2E4_T6.1_normal_20251009_221340","28d66e4317db4f669af5d1687c0840a8","avg_linear_acc_window","8000","1760019347141","5.100672591685317"
"single_R4.6.10_W2E4_T6.1_normal_20251009_221340","28d66e4317db4f669af5d1687c0840a8","avg_linear_acc_window","9000","1760019362113","4.62486980575975"
"single_R4.6.10_W2E4_T6.1_normal_20251009_221340","28d66e4317db4f669af5d1687c0840a8","avg_linear_acc_window","10500","1760019384997","5.288836375572719"
"single_R4.6.10_W2E4_T6.1_normal_20251009_221340","28d66e4317db4f669af5d1687c0840a8","avg_linear_acc_window","11500","1760019399695","5.212665801160969"
"single_R4.6.10_W2E4_T6.1_normal_20251009_221340","28d66e4317db4f669af5d1687c0840a8","avg_linear_acc_window","13000","1760019423362","5.169706984294579"
"single_R4.6.10_W2E4_T6.1_normal_20251009_221340","28d66e4317db4f669af5d1687c0840a8","avg_linear_acc_window","14000","1760019438642","4.787707389955409"
"single_R4.6.10_W2E4_T6.1_normal_20251009_221340","28d66e4317db4f669af5d1687c0840a8","avg_linear_acc_window","15500","1760019460860","5.746279405089095"
"single_R4.6.10_W2E4_T6.1_normal_20251009_221340","28d66e4317db4f669af5d1687c0840a8","avg_linear_acc_window","16500","1760019475732","5.483737029641866"
"single_R4.6.10_W2E4_T6.1_normal_20251009_221340","28d66e4317db4f669af5d1687c0840a8","avg_linear_acc_window","18000","1760019501206","5.843402610756457"
"single_R4.6.10_W2E4_T6.1_normal_20251009_221340","28d66e4317db4f669af5d1687c0840a8","avg_linear_acc_window","19000","1760019516800","5.5959701456399635"
"single_R4.6.10_W2E4_T6.1_normal_20251009_221340","28d66e4317db4f669af5d1687c0840a8","avg_linear_acc_window","20500","1760019539290","5.5907108859568835"
"single_R4.6.10_W2E4_T6.1_normal_20251009_221340","28d66e4317db4f669af5d1687c0840a8","avg_linear_acc_window","21500","1760019554343","5.925220398389734"
"single_R4.6.10_W2E4_T6.1_normal_20251009_221340","28d66e4317db4f669af5d1687c0840a8","avg_linear_acc_window","23000","1760019580026","5.138843436606228"
"single_R4.6.10_W2E4_T6.1_normal_20251009_221340","28d66e4317db4f669af5d1687c0840a8","avg_linear_acc_window","24000","1760019596868","5.414523898211308"
"single_R4.6.10_W2E4_T6.1_normal_20251009_221340","28d66e4317db4f669af5d1687c0840a8","avg_linear_acc_window","25500","1760019620700","4.735845783716999"
"single_R4.6.10_W2E4_T6.1_normal_20251009_221340","28d66e4317db4f669af5d1687c0840a8","avg_linear_acc_window","26500","1760019635842","4.946650940882973"
"single_R4.6.10_W2E4_T6.1_normal_20251009_221340","28d66e4317db4f669af5d1687c0840a8","avg_linear_acc_window","28000","1760019658249","5.339521123260259"
"single_R4.6.10_W2E4_T6.1_normal_20251009_221340","28d66e4317db4f669af5d1687c0840a8","avg_linear_acc_window","29000","1760019674331","5.507875093082897"
"single_R4.6.10_W2E4_T6.1_normal_20251009_221340","28d66e4317db4f669af5d1687c0840a8","avg_linear_acc_window","30500","1760019696339","5.728464981446974"
"single_R4.6.10_W2E4_T6.1_normal_20251009_221340","28d66e4317db4f669af5d1687c0840a8","avg_linear_acc_window","31500","1760019710442","4.9059959804266695"
"single_R4.6.10_W2E4_T6.1_normal_20251009_221340","28d66e4317db4f669af5d1687c0840a8","avg_linear_acc_window","33000","1760019732912","4.9268271959275"
"single_R4.6.10_W2E4_T6.1_normal_20251009_221340","28d66e4317db4f669af5d1687c0840a8","avg_linear_acc_window","34000","1760019747770","5.039599851386622"
"single_R4.6.10_W2E4_T6.1_normal_20251009_221340","28d66e4317db4f669af5d1687c0840a8","avg_linear_acc_window","35500","1760019768806","4.585169612761587"
"single_R4.6.10_W2E4_T6.1_normal_20251009_221340","28d66e4317db4f669af5d1687c0840a8","avg_linear_acc_window","36500","1760019782542","4.74437435939163"
"single_R4.6.10_W2E4_T6.1_normal_20251009_221340","28d66e4317db4f669af5d1687c0840a8","avg_linear_acc_window","38000","1760019803276","5.098355139233172"
"single_R4.6.10_W2E4_T6.1_normal_20251009_221340","28d66e4317db4f669af5d1687c0840a8","avg_linear_acc_window","39000","1760019817059","5.011013742167503"
"single_R4.6.10_W2E4_T6.1_normal_20251009_221340","28d66e4317db4f669af5d1687c0840a8","avg_linear_acc_window","40500","1760019838343","5.163076357047074"
"single_R4.6.10_W2E4_T6.1_normal_20251009_221340","28d66e4317db4f669af5d1687c0840a8","avg_linear_acc_window","41500","1760019852292","4.725404965507798"
"single_R4.6.10_W2E4_T6.1_normal_20251009_221340","28d66e4317db4f669af5d1687c0840a8","avg_linear_acc_window","43000","1760019872222","4.854940213743597"
"single_R4.6.10_W2E4_T6.1_normal_20251009_221340","28d66e4317db4f669af5d1687c0840a8","avg_linear_acc_window","44000","1760019886892","5.1080673561347645"
"single_R4.6.10_W2E4_T6.1_normal_20251009_221340","28d66e4317db4f669af5d1687c0840a8","avg_linear_acc_window","45500","1760019907903","4.95281213635765"
"single_R4.6.10_W2E4_T6.1_normal_20251009_221340","28d66e4317db4f669af5d1687c0840a8","avg_linear_acc_window","46500","1760019922036","5.34089159754198"
"single_R4.6.10_W2E4_T6.1_normal_20251009_221340","28d66e4317db4f669af5d1687c0840a8","avg_linear_acc_window","48000","1760019942967","5.225123639693484"
"single_R4.6.10_W2E4_T6.1_normal_20251009_221340","28d66e4317db4f669af5d1687c0840a8","avg_linear_acc_window","49000","1760019957524","5.368755657089874"
"single_R4.6.10_W2E4_T6.1_normal_20251009_221340","28d66e4317db4f669af5d1687c0840a8","avg_linear_acc_window","50500","1760019978903","6.211523695142939"
"single_R4.6.10_W2E4_T6.1_normal_20251009_221340","28d66e4317db4f669af5d1687c0840a8","avg_linear_acc_window","51500","1760019992978","5.921930405443534"
"single_R4.6.10_W2E4_T6.1_normal_20251009_221340","28d66e4317db4f669af5d1687c0840a8","avg_linear_acc_window","53000","1760020014125","5.616199182071723"
"single_R4.6.10_W2E4_T6.1_normal_20251009_221340","28d66e4317db4f669af5d1687c0840a8","avg_linear_acc_window","54000","1760020027976","5.477689862150699"
"single_R4.6.10_W2E4_T6.1_normal_20251009_221340","28d66e4317db4f669af5d1687c0840a8","avg_linear_acc_window","55500","1760020050398","6.1787823217352855"
"single_R4.6.10_W2E4_T6.1_normal_20251009_221340","28d66e4317db4f669af5d1687c0840a8","avg_linear_acc_window","56500","1760020064458","6.105854522666894"
"single_R4.6.10_W2E4_T6.1_normal_20251009_221340","28d66e4317db4f669af5d1687c0840a8","avg_linear_acc_window","58000","1760020085418","5.56117181059625"
"single_R4.6.10_W2E4_T6.1_normal_20251009_221340","28d66e4317db4f669af5d1687c0840a8","avg_linear_acc_window","59000","1760020099763","6.220686493543908"
"single_R4.6.10_W2E4_T6.1_normal_20251009_221340","28d66e4317db4f669af5d1687c0840a8","avg_linear_acc_window","60500","1760020121110","5.859037000336684"
"single_R4.6.10_W2E4_T6.1_normal_20251009_221340","28d66e4317db4f669af5d1687c0840a8","avg_linear_acc_window","61500","1760020135535","6.028054984097369"
"single_R4.6.10_W2E4_T6.1_normal_20251009_221340","28d66e4317db4f669af5d1687c0840a8","avg_linear_acc_window","63000","1760020156379","5.874664040138014"
"single_R4.6.10_W2E4_T6.1_normal_20251009_221340","28d66e4317db4f669af5d1687c0840a8","avg_linear_acc_window","64000","1760020170604","6.287070819966495"
"single_R4.6.10_W2E4_T6.1_normal_20251009_221340","28d66e4317db4f669af5d1687c0840a8","avg_linear_acc_window","65500","1760020192070","5.87648305333592"
"single_R4.6.10_W2E4_T6.1_normal_20251009_221340","28d66e4317db4f669af5d1687c0840a8","avg_linear_acc_window","66500","1760020205966","5.5568168626837435"
"single_R4.6.10_W2E4_T6.1_normal_20251009_221340","28d66e4317db4f669af5d1687c0840a8","avg_linear_acc_window","68000","1760020227694","5.646918322401121"
"single_R4.6.10_W2E4_T6.1_normal_20251009_221340","28d66e4317db4f669af5d1687c0840a8","avg_linear_acc_window","69000","1760020241835","6.00285151168704"
"single_R4.6.10_W2E4_T6.1_normal_20251009_221340","28d66e4317db4f669af5d1687c0840a8","avg_linear_acc_window","70500","1760020263039","6.136493542592041"
"single_R4.6.10_W2E4_T6.1_normal_20251009_221340","28d66e4317db4f669af5d1687c0840a8","avg_linear_acc_window","71500","1760020277354","6.35364082887955"
"single_R4.6.10_W2E4_T6.1_normal_20251009_221340","28d66e4317db4f669af5d1687c0840a8","avg_linear_acc_window","73000","1760020299314","6.246127775732428"
"single_R4.6.10_W2E4_T6.1_normal_20251009_221340","28d66e4317db4f669af5d1687c0840a8","avg_linear_acc_window","74000","1760020314005","6.334074535400607"
"single_R4.6.10_W2E4_T6.1_normal_20251009_221340","28d66e4317db4f669af5d1687c0840a8","avg_linear_acc_window","75500","1760020335509","6.098456257523969"
"single_R4.6.10_W2E4_T6.1_normal_20251009_221340","28d66e4317db4f669af5d1687c0840a8","avg_linear_acc_window","76500","1760020350015","5.906461195318029"
"single_R4.6.10_W2E4_T6.1_normal_20251009_221340","28d66e4317db4f669af5d1687c0840a8","avg_linear_acc_window","78000","1760020371340","5.850043729059398"
"single_R4.6.10_W2E4_T6.1_normal_20251009_221340","28d66e4317db4f669af5d1687c0840a8","avg_linear_acc_window","79000","1760020386008","5.919066708290949"
"single_R4.6.10_W2E4_T6.1_normal_20251009_221340","28d66e4317db4f669af5d1687c0840a8","avg_linear_acc_window","80500","1760020407721","5.7478866147706285"
"single_R4.6.10_W2E4_T6.1_normal_20251009_221340","28d66e4317db4f669af5d1687c0840a8","avg_linear_acc_window","81500","1760020421914","5.784141801699996"
"single_R4.6.10_W2E4_T6.1_normal_20251009_221340","28d66e4317db4f669af5d1687c0840a8","avg_linear_acc_window","83000","1760020443579","5.831662348102778"
"single_R4.6.10_W2E4_T6.1_normal_20251009_221340","28d66e4317db4f669af5d1687c0840a8","avg_linear_acc_window","84000","1760020458201","6.227924131362699"
"single_R4.6.10_W2E4_T6.1_normal_20251009_221340","28d66e4317db4f669af5d1687c0840a8","avg_linear_acc_window","85500","1760020479407","5.769290256910957"
"single_R4.6.10_W2E4_T6.1_normal_20251009_221340","28d66e4317db4f669af5d1687c0840a8","avg_linear_acc_window","86500","1760020494164","5.834237833180465"
"single_R4.6.10_W2E4_T6.1_normal_20251009_221340","28d66e4317db4f669af5d1687c0840a8","avg_linear_acc_window","88000","1760020516155","6.020682639773935"
"single_R4.6.10_W2E4_T6.1_normal_20251009_221340","28d66e4317db4f669af5d1687c0840a8","avg_linear_acc_window","89000","1760020530805","5.925271620726213"
"single_R4.6.10_W2E4_T6.1_normal_20251009_221340","28d66e4317db4f669af5d1687c0840a8","avg_linear_acc_window","90500","1760020552482","5.698752330554649"
"single_R4.6.10_W2E4_T6.1_normal_20251009_221340","28d66e4317db4f669af5d1687c0840a8","avg_linear_acc_window","91500","1760020567655","5.338400591602549"
"single_R4.6.10_W2E4_T6.1_normal_20251009_221340","28d66e4317db4f669af5d1687c0840a8","avg_linear_acc_window","93000","1760020589253","6.086446061631665"
"single_R4.6.10_W2E4_T6.1_normal_20251009_221340","28d66e4317db4f669af5d1687c0840a8","avg_linear_acc_window","94000","1760020603374","6.727579181246459"
"single_R4.6.10_W2E4_T6.1_normal_20251009_221340","28d66e4317db4f669af5d1687c0840a8","avg_linear_acc_window","95500","1760020624697","6.425477133993991"
"single_R4.6.10_W2E4_T6.1_normal_20251009_221340","28d66e4317db4f669af5d1687c0840a8","avg_linear_acc_window","96500","1760020639302","6.078003840584308"
"single_R4.6.10_W2E4_T6.1_normal_20251009_221340","28d66e4317db4f669af5d1687c0840a8","avg_linear_acc_window","98000","1760020661095","6.366769190125168"
"single_R4.6.10_W2E4_T6.1_normal_20251009_221340","28d66e4317db4f669af5d1687c0840a8","avg_linear_acc_window","99000","1760020675558","5.746712921730243"
"single_R4.6.10_W2E4_T6.1_normal_20251009_221340","28d66e4317db4f669af5d1687c0840a8","avg_linear_acc_window","100500","1760020697617","5.964276536380872"
"single_R4.6.10_W2E4_T6.1_normal_20251009_221340","28d66e4317db4f669af5d1687c0840a8","avg_linear_acc_window","101500","1760020712067","5.875892571996897"
"single_R4.6.10_W2E4_T6.1_normal_20251009_221340","28d66e4317db4f669af5d1687c0840a8","avg_linear_acc_window","103000","1760020734173","6.139010118374601"
"single_R4.6.10_W2E4_T6.1_normal_20251009_221340","28d66e4317db4f669af5d1687c0840a8","avg_linear_acc_window","104000","1760020749057","6.236952076510526"
"single_R4.6.10_W2E4_T6.1_normal_20251009_221340","28d66e4317db4f669af5d1687c0840a8","avg_linear_acc_window","105500","1760020771068","6.419192532220856"
"single_R4.6.10_W2E4_T6.1_normal_20251009_221340","28d66e4317db4f669af5d1687c0840a8","avg_linear_acc_window","106500","1760020785826","5.910684916765429"
"single_R4.6.10_W2E4_T6.1_normal_20251009_221340","28d66e4317db4f669af5d1687c0840a8","avg_linear_acc_window","108000","1760020807565","6.1307449277639385"
"single_R4.6.10_W2E4_T6.1_normal_20251009_221340","28d66e4317db4f669af5d1687c0840a8","avg_linear_acc_window","109000","1760020822562","5.776859041871503"
"single_R4.6.10_W2E4_T6.1_normal_20251009_221340","28d66e4317db4f669af5d1687c0840a8","avg_linear_acc_window","110500","1760020844471","5.6830883722128345"
"single_R4.6.10_W2E4_T6.1_normal_20251009_221340","28d66e4317db4f669af5d1687c0840a8","avg_linear_acc_window","111500","1760020859153","5.999712168738246"
"single_R4.6.10_W2E4_T6.1_normal_20251009_221340","28d66e4317db4f669af5d1687c0840a8","avg_linear_acc_window","113000","1760020881052","6.210220195794478"
"single_R4.6.10_W2E4_T6.1_normal_20251009_221340","28d66e4317db4f669af5d1687c0840a8","avg_linear_acc_window","114000","1760020895584","6.108710229164921"
"single_R4.6.10_W2E4_T6.1_normal_20251009_221340","28d66e4317db4f669af5d1687c0840a8","avg_linear_acc_window","115500","1760020917522","5.944120844153687"
"single_R4.6.10_W2E4_T6.1_normal_20251009_221340","28d66e4317db4f669af5d1687c0840a8","avg_linear_acc_window","116500","1760020931893","5.975206621572375"
"single_R4.6.10_W2E4_T6.1_normal_20251009_221340","28d66e4317db4f669af5d1687c0840a8","avg_linear_acc_window","118000","1760020953719","6.175838078821078"
"single_R4.6.10_W2E4_T6.1_normal_20251009_221340","28d66e4317db4f669af5d1687c0840a8","avg_linear_acc_window","119000","1760020968505","6.11745379499998"
"single_R4.6.10_W2E4_T6.1_normal_20251009_221340","28d66e4317db4f669af5d1687c0840a8","avg_linear_acc_window","120500","1760020989942","5.814464570211246"
"single_R4.6.10_W2E4_T6.1_normal_20251009_221340","28d66e4317db4f669af5d1687c0840a8","avg_linear_acc_window","121500","1760021004585","6.109434986568988"
"single_R4.6.10_W2E4_T6.1_normal_20251009_221340","28d66e4317db4f669af5d1687c0840a8","avg_linear_acc_window","123000","1760021026342","6.005176584164612"
"single_R4.6.10_W2E4_T6.1_normal_20251009_221340","28d66e4317db4f669af5d1687c0840a8","avg_linear_acc_window","124000","1760021041048","6.149403117358685"
"single_R4.6.10_W2E4_T6.1_normal_20251009_221340","28d66e4317db4f669af5d1687c0840a8","avg_linear_acc_window","125500","1760021062692","5.866901530479081"
"single_R4.6.10_W2E4_T6.1_normal_20251009_221340","28d66e4317db4f669af5d1687c0840a8","avg_linear_acc_window","126500","1760021076883","6.275362755669281"
"single_R4.6.10_W2E4_T6.1_normal_20251009_221340","28d66e4317db4f669af5d1687c0840a8","avg_linear_acc_window","128000","1760021098582","5.853869160145521"
"single_R4.6.10_W2E4_T6.1_normal_20251009_221340","28d66e4317db4f669af5d1687c0840a8","avg_linear_acc_window","129000","1760021112891","5.938952915558591"
"single_R4.6.10_W2E4_T6.1_normal_20251009_221340","28d66e4317db4f669af5d1687c0840a8","avg_linear_acc_window","130500","1760021134565","6.045724256245419"
"single_R4.6.10_W2E4_T6.1_normal_20251009_221340","28d66e4317db4f669af5d1687c0840a8","avg_linear_acc_window","131500","1760021148934","6.038923144690693"
"single_R4.6.10_W2E4_T6.1_normal_20251009_221340","28d66e4317db4f669af5d1687c0840a8","avg_linear_acc_window","133000","1760021170249","5.744770556673408"
"single_R4.6.10_W2E4_T6.1_normal_20251009_221340","28d66e4317db4f669af5d1687c0840a8","avg_linear_acc_window","134000","1760021184619","6.0876966923242435"
"single_R4.6.10_W2E4_T6.1_normal_20251009_221340","28d66e4317db4f669af5d1687c0840a8","avg_linear_acc_window","135500","1760021206021","6.050326735193841"
"single_R4.6.10_W2E4_T6.1_normal_20251009_221340","28d66e4317db4f669af5d1687c0840a8","avg_linear_acc_window","136500","1760021220487","5.997179291342385"
"single_R4.6.10_W2E4_T6.1_normal_20251009_221340","28d66e4317db4f669af5d1687c0840a8","avg_linear_acc_window","138000","1760021242341","6.078120454355143"
"single_R4.6.10_W2E4_T6.1_normal_20251009_221340","28d66e4317db4f669af5d1687c0840a8","avg_linear_acc_window","139000","1760021256448","6.29772420751676"
"single_R4.6.10_W2E4_T6.1_normal_20251009_221340","28d66e4317db4f669af5d1687c0840a8","avg_linear_acc_window","140500","1760021278092","5.706361333470792"
"single_R4.6.10_W2E4_T6.1_normal_20251009_221340","28d66e4317db4f669af5d1687c0840a8","avg_linear_acc_window","141500","1760021292226","5.516087347800843"
"single_R4.6.10_W2E4_T6.1_normal_20251009_221340","28d66e4317db4f669af5d1687c0840a8","avg_linear_acc_window","143000","1760021315339","6.323975084416568"
"single_R4.6.10_W2E4_T6.1_normal_20251009_221340","28d66e4317db4f669af5d1687c0840a8","avg_linear_acc_window","144000","1760021334415","6.28669132672064"
"single_R4.6.10_W2E4_T6.1_normal_20251009_221340","28d66e4317db4f669af5d1687c0840a8","avg_linear_acc_window","145500","1760021362336","6.531288471804932"
"single_R4.6.10_W2E4_T6.1_normal_20251009_221340","28d66e4317db4f669af5d1687c0840a8","avg_linear_acc_window","146500","1760021378468","6.400822000607848"
"single_R4.6.10_W2E4_T6.1_normal_20251009_221340","28d66e4317db4f669af5d1687c0840a8","avg_linear_acc_window","148000","1760021403811","6.336436347017065"
"single_R4.6.10_W2E4_T6.1_normal_20251009_221340","28d66e4317db4f669af5d1687c0840a8","avg_linear_acc_window","149000","1760021421303","5.9834766228403895"
"single_R4.6.10_W2E4_T1.1_normal_20251009_140345","5eb4cd32a7c744d89f301e6eb9fd54cd","avg_linear_acc_window","500","1759989839870","7.745550765581429"
"single_R4.6.10_W2E4_T1.1_normal_20251009_140345","5eb4cd32a7c744d89f301e6eb9fd54cd","avg_linear_acc_window","1500","1759989855932","8.213026550528593"
"single_R4.6.10_W2E4_T1.1_normal_20251009_140345","5eb4cd32a7c744d89f301e6eb9fd54cd","avg_linear_acc_window","3000","1759989890004","0.8752824443858117"
"single_R4.6.10_W2E4_T1.1_normal_20251009_140345","5eb4cd32a7c744d89f301e6eb9fd54cd","avg_linear_acc_window","4000","1759989910702","1.5060286183636635"
"single_R4.6.10_W2E4_T1.1_normal_20251009_140345","5eb4cd32a7c744d89f301e6eb9fd54cd","avg_linear_acc_window","5500","1759989938125","3.024138322491199"
"single_R4.6.10_W2E4_T1.1_normal_20251009_140345","5eb4cd32a7c744d89f301e6eb9fd54cd","avg_linear_acc_window","6500","1759989956483","4.674841129083187"
"single_R4.6.10_W2E4_T1.1_normal_20251009_140345","5eb4cd32a7c744d89f301e6eb9fd54cd","avg_linear_acc_window","8000","1759989981779","4.290131965504959"
"single_R4.6.10_W2E4_T1.1_normal_20251009_140345","5eb4cd32a7c744d89f301e6eb9fd54cd","avg_linear_acc_window","9000","1759990000881","4.896629056440666"
"single_R4.6.10_W2E4_T1.1_normal_20251009_140345","5eb4cd32a7c744d89f301e6eb9fd54cd","avg_linear_acc_window","10500","1759990030275","5.589684813345783"
"single_R4.6.10_W2E4_T1.1_normal_20251009_140345","5eb4cd32a7c744d89f301e6eb9fd54cd","avg_linear_acc_window","11500","1759990051011","4.804113210920244"
"single_R4.6.10_W2E4_T1.1_normal_20251009_140345","5eb4cd32a7c744d89f301e6eb9fd54cd","avg_linear_acc_window","13000","1759990081417","4.668968879355118"
"single_R4.6.10_W2E4_T1.1_normal_20251009_140345","5eb4cd32a7c744d89f301e6eb9fd54cd","avg_linear_acc_window","14000","1759990099301","4.648492252256721"
"single_R4.6.10_W2E4_T1.1_normal_20251009_140345","5eb4cd32a7c744d89f301e6eb9fd54cd","avg_linear_acc_window","15500","1759990132616","4.462141346693039"
"single_R4.6.10_W2E4_T1.1_normal_20251009_140345","5eb4cd32a7c744d89f301e6eb9fd54cd","avg_linear_acc_window","16500","1759990151690","4.287675727559254"
"single_R4.6.10_W2E4_T1.1_normal_20251009_140345","5eb4cd32a7c744d89f301e6eb9fd54cd","avg_linear_acc_window","18000","1759990181903","5.542520974542014"
"single_R4.6.10_W2E4_T1.1_normal_20251009_140345","5eb4cd32a7c744d89f301e6eb9fd54cd","avg_linear_acc_window","19000","1759990200599","5.619337434306741"
"single_R4.6.10_W2E4_T1.1_normal_20251009_140345","5eb4cd32a7c744d89f301e6eb9fd54cd","avg_linear_acc_window","20500","1759990231404","5.586172897241078"
"single_R4.6.10_W2E4_T1.1_normal_20251009_140345","5eb4cd32a7c744d89f301e6eb9fd54cd","avg_linear_acc_window","21500","1759990252524","5.388434993615374"
"single_R4.6.10_W2E4_T1.1_normal_20251009_140345","5eb4cd32a7c744d89f301e6eb9fd54cd","avg_linear_acc_window","23000","1759990285628","5.659430870164186"
"single_R4.6.10_W2E4_T1.1_normal_20251009_140345","5eb4cd32a7c744d89f301e6eb9fd54cd","avg_linear_acc_window","24000","1759990306072","5.8943987818639725"
"single_R4.6.10_W2E4_T1.1_normal_20251009_140345","5eb4cd32a7c744d89f301e6eb9fd54cd","avg_linear_acc_window","25500","1759990340703","5.705394384967163"
"single_R4.6.10_W2E4_T1.1_normal_20251009_140345","5eb4cd32a7c744d89f301e6eb9fd54cd","avg_linear_acc_window","26500","1759990362485","5.609060318284668"
"single_R4.6.10_W2E4_T1.1_normal_20251009_140345","5eb4cd32a7c744d89f301e6eb9fd54cd","avg_linear_acc_window","28000","1759990396520","5.825038596221246"
"single_R4.6.10_W2E4_T1.1_normal_20251009_140345","5eb4cd32a7c744d89f301e6eb9fd54cd","avg_linear_acc_window","29000","1759990419460","5.938905714660883"
"single_R4.6.10_W2E4_T1.1_normal_20251009_140345","5eb4cd32a7c744d89f301e6eb9fd54cd","avg_linear_acc_window","30500","1759990456881","5.414626848531887"
"single_R4.6.10_W2E4_T1.1_normal_20251009_140345","5eb4cd32a7c744d89f301e6eb9fd54cd","avg_linear_acc_window","31500","1759990478738","6.02296377124358"
"single_R4.6.10_W2E4_T1.1_normal_20251009_140345","5eb4cd32a7c744d89f301e6eb9fd54cd","avg_linear_acc_window","33000","1759990512741","6.054326813854277"
"single_R4.6.10_W2E4_T1.1_normal_20251009_140345","5eb4cd32a7c744d89f301e6eb9fd54cd","avg_linear_acc_window","34000","1759990531018","5.293849382054061"
"single_R4.6.10_W2E4_T1.1_normal_20251009_140345","5eb4cd32a7c744d89f301e6eb9fd54cd","avg_linear_acc_window","35500","1759990559334","5.320093302547932"
"single_R4.6.10_W2E4_T1.1_normal_20251009_140345","5eb4cd32a7c744d89f301e6eb9fd54cd","avg_linear_acc_window","36500","1759990578804","5.975597400691361"
"single_R4.6.10_W2E4_T1.1_normal_20251009_140345","5eb4cd32a7c744d89f301e6eb9fd54cd","avg_linear_acc_window","38000","1759990607343","5.174430115124211"
"single_R4.6.10_W2E4_T1.1_normal_20251009_140345","5eb4cd32a7c744d89f301e6eb9fd54cd","avg_linear_acc_window","39000","1759990627424","5.4266416159160435"
"single_R4.6.10_W2E4_T1.1_normal_20251009_140345","5eb4cd32a7c744d89f301e6eb9fd54cd","avg_linear_acc_window","40500","1759990664886","5.255079830944538"
"single_R4.6.10_W2E4_T1.1_normal_20251009_140345","5eb4cd32a7c744d89f301e6eb9fd54cd","avg_linear_acc_window","41500","1759990690337","5.708006660064682"
"single_R4.6.10_W2E4_T1.1_normal_20251009_140345","5eb4cd32a7c744d89f301e6eb9fd54cd","avg_linear_acc_window","43000","1759990729558","5.875872160331346"
"single_R4.6.10_W2E4_T1.1_normal_20251009_140345","5eb4cd32a7c744d89f301e6eb9fd54cd","avg_linear_acc_window","44000","1759990757820","5.846988237340003"
"single_R4.6.10_W2E4_T1.1_normal_20251009_140345","5eb4cd32a7c744d89f301e6eb9fd54cd","avg_linear_acc_window","45500","1759990794907","5.237187691532076"
"single_R4.6.10_W2E4_T1.1_normal_20251009_140345","5eb4cd32a7c744d89f301e6eb9fd54cd","avg_linear_acc_window","46500","1759990818929","5.631817575814202"
"single_R4.6.10_W2E4_T1.1_normal_20251009_140345","5eb4cd32a7c744d89f301e6eb9fd54cd","avg_linear_acc_window","48000","1759990856620","6.136557084932924"
"single_R4.6.10_W2E4_T1.1_normal_20251009_140345","5eb4cd32a7c744d89f301e6eb9fd54cd","avg_linear_acc_window","49000","1759990879580","6.239861351037398"
"single_R4.6.10_W2E4_T1.1_normal_20251009_140345","5eb4cd32a7c744d89f301e6eb9fd54cd","avg_linear_acc_window","50500","1759990915145","6.031274538917467"
"single_R4.6.10_W2E4_T1.1_normal_20251009_140345","5eb4cd32a7c744d89f301e6eb9fd54cd","avg_linear_acc_window","51500","1759990939196","5.912936917422339"
"single_R4.6.10_W2E4_T1.1_normal_20251009_140345","5eb4cd32a7c744d89f301e6eb9fd54cd","avg_linear_acc_window","53000","1759990973754","5.861560766589828"
"single_R4.6.10_W2E4_T1.1_normal_20251009_140345","5eb4cd32a7c744d89f301e6eb9fd54cd","avg_linear_acc_window","54000","1759990995579","6.085240388344974"
"single_R4.6.10_W2E4_T1.1_normal_20251009_140345","5eb4cd32a7c744d89f301e6eb9fd54cd","avg_linear_acc_window","55500","1759991027289","6.175009937352501"
"single_R4.6.10_W2E4_T1.1_normal_20251009_140345","5eb4cd32a7c744d89f301e6eb9fd54cd","avg_linear_acc_window","56500","1759991048214","6.33747238131985"
"single_R4.6.10_W2E4_T1.1_normal_20251009_140345","5eb4cd32a7c744d89f301e6eb9fd54cd","avg_linear_acc_window","58000","1759991076799","6.1201972767598924"
"single_R4.6.10_W2E4_T1.1_normal_20251009_140345","5eb4cd32a7c744d89f301e6eb9fd54cd","avg_linear_acc_window","59000","1759991095243","6.501024357147515"
"single_R4.6.10_W2E4_T1.1_normal_20251009_140345","5eb4cd32a7c744d89f301e6eb9fd54cd","avg_linear_acc_window","60500","1759991124208","6.294961509501562"
"single_R4.6.10_W2E4_T1.1_normal_20251009_140345","5eb4cd32a7c744d89f301e6eb9fd54cd","avg_linear_acc_window","61500","1759991144159","5.254746403349563"
"single_R4.6.10_W2E4_T1.1_normal_20251009_140345","5eb4cd32a7c744d89f301e6eb9fd54cd","avg_linear_acc_window","63000","1759991174077","5.418051736876368"
"single_R4.6.10_W2E4_T1.1_normal_20251009_140345","5eb4cd32a7c744d89f301e6eb9fd54cd","avg_linear_acc_window","64000","1759991192889","5.72187520318944"
"single_R4.6.10_W2E4_T1.1_normal_20251009_140345","5eb4cd32a7c744d89f301e6eb9fd54cd","avg_linear_acc_window","65500","1759991222439","5.7946063246391715"
"single_R4.6.10_W2E4_T1.1_normal_20251009_140345","5eb4cd32a7c744d89f301e6eb9fd54cd","avg_linear_acc_window","66500","1759991243044","5.785640030439012"
"single_R4.6.10_W2E4_T1.1_normal_20251009_140345","5eb4cd32a7c744d89f301e6eb9fd54cd","avg_linear_acc_window","68000","1759991272357","5.827276113764383"
"single_R4.6.10_W2E4_T1.1_normal_20251009_140345","5eb4cd32a7c744d89f301e6eb9fd54cd","avg_linear_acc_window","69000","1759991291974","5.154873647474684"
"single_R4.6.10_W2E4_T1.1_normal_20251009_140345","5eb4cd32a7c744d89f301e6eb9fd54cd","avg_linear_acc_window","70500","1759991321820","5.6344288395978515"
"single_R4.6.10_W2E4_T1.1_normal_20251009_140345","5eb4cd32a7c744d89f301e6eb9fd54cd","avg_linear_acc_window","71500","1759991341310","5.934838016459718"
"single_R4.6.10_W2E4_T1.1_normal_20251009_140345","5eb4cd32a7c744d89f301e6eb9fd54cd","avg_linear_acc_window","73000","1759991370927","5.7731088758157565"
"single_R4.6.10_W2E4_T1.1_normal_20251009_140345","5eb4cd32a7c744d89f301e6eb9fd54cd","avg_linear_acc_window","74000","1759991391216","5.552751117527485"
"single_R4.6.10_W2E4_T1.1_normal_20251009_140345","5eb4cd32a7c744d89f301e6eb9fd54cd","avg_linear_acc_window","75500","1759991426878","5.468171848845668"
"single_R4.6.10_W2E4_T1.1_normal_20251009_140345","5eb4cd32a7c744d89f301e6eb9fd54cd","avg_linear_acc_window","76500","1759991449928","5.382984386815689"
"single_R4.6.10_W2E4_T1.1_normal_20251009_140345","5eb4cd32a7c744d89f301e6eb9fd54cd","avg_linear_acc_window","78000","1759991485091","5.658388790508732"
"single_R4.6.10_W2E4_T1.1_normal_20251009_140345","5eb4cd32a7c744d89f301e6eb9fd54cd","avg_linear_acc_window","79000","1759991508684","5.85723046182096"
"single_R4.6.10_W2E4_T1.1_normal_20251009_140345","5eb4cd32a7c744d89f301e6eb9fd54cd","avg_linear_acc_window","80500","1759991549108","5.766120377101005"
"single_R4.6.10_W2E4_T1.1_normal_20251009_140345","5eb4cd32a7c744d89f301e6eb9fd54cd","avg_linear_acc_window","81500","1759991575453","5.1819989356240255"
"single_R4.6.10_W2E4_T1.1_normal_20251009_140345","5eb4cd32a7c744d89f301e6eb9fd54cd","avg_linear_acc_window","83000","1759991612589","5.667470673639327"
"single_R4.6.10_W2E4_T1.1_normal_20251009_140345","5eb4cd32a7c744d89f301e6eb9fd54cd","avg_linear_acc_window","84000","1759991639082","6.052470416241325"
"single_R4.6.10_W2E4_T1.1_normal_20251009_140345","5eb4cd32a7c744d89f301e6eb9fd54cd","avg_linear_acc_window","85500","1759991679753","5.470417666278779"
"single_R4.6.10_W2E4_T1.1_normal_20251009_140345","5eb4cd32a7c744d89f301e6eb9fd54cd","avg_linear_acc_window","86500","1759991706623","5.8625802956614645"
"single_R4.6.10_W2E4_T1.1_normal_20251009_140345","5eb4cd32a7c744d89f301e6eb9fd54cd","avg_linear_acc_window","88000","1759991741136","5.570378384463489"
"single_R4.6.10_W2E4_T1.1_normal_20251009_140345","5eb4cd32a7c744d89f301e6eb9fd54cd","avg_linear_acc_window","89000","1759991763869","6.170557553146966"
"single_R4.6.10_W2E4_T1.1_normal_20251009_140345","5eb4cd32a7c744d89f301e6eb9fd54cd","avg_linear_acc_window","90500","1759991805026","6.236913152780383"
"single_R4.6.10_W2E4_T1.1_normal_20251009_140345","5eb4cd32a7c744d89f301e6eb9fd54cd","avg_linear_acc_window","91500","1759991830301","5.8508089141696695"
"single_R4.6.10_W2E4_T1.1_normal_20251009_140345","5eb4cd32a7c744d89f301e6eb9fd54cd","avg_linear_acc_window","93000","1759991870039","5.85902448174078"
"single_R4.6.10_W2E4_T1.1_normal_20251009_140345","5eb4cd32a7c744d89f301e6eb9fd54cd","avg_linear_acc_window","94000","1759991899144","5.277778042802587"
"single_R4.6.10_W2E4_T1.1_normal_20251009_140345","5eb4cd32a7c744d89f301e6eb9fd54cd","avg_linear_acc_window","95500","1759991937070","6.23061745097395"
"single_R4.6.10_W2E4_T1.1_normal_20251009_140345","5eb4cd32a7c744d89f301e6eb9fd54cd","avg_linear_acc_window","96500","1759991962865","5.625671899540349"
"single_R4.6.10_W2E4_T1.1_normal_20251009_140345","5eb4cd32a7c744d89f301e6eb9fd54cd","avg_linear_acc_window","98000","1759992000101","5.5267731330487875"
"single_R4.6.10_W2E4_T1.1_normal_20251009_140345","5eb4cd32a7c744d89f301e6eb9fd54cd","avg_linear_acc_window","99000","1759992025220","5.59457885232661"
"single_R4.6.10_W2E4_T1.1_normal_20251009_140345","5eb4cd32a7c744d89f301e6eb9fd54cd","avg_linear_acc_window","100500","1759992062308","5.3917894586604085"
"single_R4.6.10_W2E4_T1.1_normal_20251009_140345","5eb4cd32a7c744d89f301e6eb9fd54cd","avg_linear_acc_window","101500","1759992087879","5.733975476372987"
"single_R4.6.10_W2E4_T1.1_normal_20251009_140345","5eb4cd32a7c744d89f301e6eb9fd54cd","avg_linear_acc_window","103000","1759992122889","5.497789215205238"
"single_R4.6.10_W2E4_T1.1_normal_20251009_140345","5eb4cd32a7c744d89f301e6eb9fd54cd","avg_linear_acc_window","104000","1759992147735","5.441437874271535"
"single_R4.6.10_W2E4_T1.1_normal_20251009_140345","5eb4cd32a7c744d89f301e6eb9fd54cd","avg_linear_acc_window","105500","1759992184433","5.460268661811948"
"single_R4.6.10_W2E4_T1.1_normal_20251009_140345","5eb4cd32a7c744d89f301e6eb9fd54cd","avg_linear_acc_window","106500","1759992206867","5.745262639097869"
"single_R4.6.10_W2E4_T1.1_normal_20251009_140345","5eb4cd32a7c744d89f301e6eb9fd54cd","avg_linear_acc_window","108000","1759992240205","5.595089928955771"
"single_R4.6.10_W2E4_T1.1_normal_20251009_140345","5eb4cd32a7c744d89f301e6eb9fd54cd","avg_linear_acc_window","109000","1759992261923","5.675255294160918"
"single_R4.6.10_W2E4_T1.1_normal_20251009_140345","5eb4cd32a7c744d89f301e6eb9fd54cd","avg_linear_acc_window","110500","1759992295241","5.5392291744444515"
"single_R4.6.10_W2E4_T1.1_normal_20251009_140345","5eb4cd32a7c744d89f301e6eb9fd54cd","avg_linear_acc_window","111500","1759992317781","5.335101153502241"
"single_R4.6.10_W2E4_T1.1_normal_20251009_140345","5eb4cd32a7c744d89f301e6eb9fd54cd","avg_linear_acc_window","113000","1759992351624","5.6738352774307135"
"single_R4.6.10_W2E4_T1.1_normal_20251009_140345","5eb4cd32a7c744d89f301e6eb9fd54cd","avg_linear_acc_window","114000","1759992374181","5.425059561545029"
"single_R4.6.10_W2E4_T1.1_normal_20251009_140345","5eb4cd32a7c744d89f301e6eb9fd54cd","avg_linear_acc_window","115500","1759992407044","5.832002638170495"
"single_R4.6.10_W2E4_T1.1_normal_20251009_140345","5eb4cd32a7c744d89f301e6eb9fd54cd","avg_linear_acc_window","116500","1759992429775","5.529723661629483"
"single_R4.6.10_W2E4_T1.1_normal_20251009_140345","5eb4cd32a7c744d89f301e6eb9fd54cd","avg_linear_acc_window","118000","1759992463184","5.617775619246997"
"single_R4.6.10_W2E4_T1.1_normal_20251009_140345","5eb4cd32a7c744d89f301e6eb9fd54cd","avg_linear_acc_window","119000","1759992484898","5.977845367535949"
"single_R4.6.10_W2E4_T1.1_normal_20251009_140345","5eb4cd32a7c744d89f301e6eb9fd54cd","avg_linear_acc_window","120500","1759992518043","5.797791550502181"
"single_R4.6.10_W2E4_T1.1_normal_20251009_140345","5eb4cd32a7c744d89f301e6eb9fd54cd","avg_linear_acc_window","121500","1759992540760","5.314508558368311"
"single_R4.6.10_W2E4_T1.1_normal_20251009_140345","5eb4cd32a7c744d89f301e6eb9fd54cd","avg_linear_acc_window","123000","1759992573638","5.783149914794602"
"single_R4.6.10_W2E4_T1.1_normal_20251009_140345","5eb4cd32a7c744d89f301e6eb9fd54cd","avg_linear_acc_window","124000","1759992596334","5.3010631556864825"
"single_R4.6.10_W2E4_T1.1_normal_20251009_140345","5eb4cd32a7c744d89f301e6eb9fd54cd","avg_linear_acc_window","125500","1759992629592","5.942878584506921"
"single_R4.6.10_W2E4_T1.1_normal_20251009_140345","5eb4cd32a7c744d89f301e6eb9fd54cd","avg_linear_acc_window","126500","1759992651836","5.632281348248943"
"single_R4.6.10_W2E4_T1.1_normal_20251009_140345","5eb4cd32a7c744d89f301e6eb9fd54cd","avg_linear_acc_window","128000","1759992684796","5.498373805765063"
"single_R4.6.10_W2E4_T1.1_normal_20251009_140345","5eb4cd32a7c744d89f301e6eb9fd54cd","avg_linear_acc_window","129000","1759992707200","5.319828811159358"
"single_R4.6.10_W2E4_T1.1_normal_20251009_140345","5eb4cd32a7c744d89f301e6eb9fd54cd","avg_linear_acc_window","130500","1759992740614","5.58287222116068"
"single_R4.6.10_W2E4_T1.1_normal_20251009_140345","5eb4cd32a7c744d89f301e6eb9fd54cd","avg_linear_acc_window","131500","1759992763044","5.530488463613205"
"single_R4.6.10_W2E4_T1.1_normal_20251009_140345","5eb4cd32a7c744d89f301e6eb9fd54cd","avg_linear_acc_window","133000","1759992796655","5.503583691003732"
"single_R4.6.10_W2E4_T1.1_normal_20251009_140345","5eb4cd32a7c744d89f301e6eb9fd54cd","avg_linear_acc_window","134000","1759992819102","5.6286983434092255"
"single_R4.6.10_W2E4_T1.1_normal_20251009_140345","5eb4cd32a7c744d89f301e6eb9fd54cd","avg_linear_acc_window","135500","1759992852664","5.240120213476941"
"single_R4.6.10_W2E4_T1.1_normal_20251009_140345","5eb4cd32a7c744d89f301e6eb9fd54cd","avg_linear_acc_window","136500","1759992874190","5.5720317599922415"
"single_R4.6.10_W2E4_T1.1_normal_20251009_140345","5eb4cd32a7c744d89f301e6eb9fd54cd","avg_linear_acc_window","138000","1759992904362","5.208230744492263"
"single_R4.6.10_W2E4_T1.1_normal_20251009_140345","5eb4cd32a7c744d89f301e6eb9fd54cd","avg_linear_acc_window","139000","1759992922615","5.879117563045583"
"single_R4.6.10_W2E4_T1.1_normal_20251009_140345","5eb4cd32a7c744d89f301e6eb9fd54cd","avg_linear_acc_window","140500","1759992950572","5.4860723381750285"
"single_R4.6.10_W2E4_T1.1_normal_20251009_140345","5eb4cd32a7c744d89f301e6eb9fd54cd","avg_linear_acc_window","141500","1759992969354","5.439892427120358"
"single_R4.6.10_W2E4_T1.1_normal_20251009_140345","5eb4cd32a7c744d89f301e6eb9fd54cd","avg_linear_acc_window","143000","1759992996973","5.319757835334167"
"single_R4.6.10_W2E4_T1.1_normal_20251009_140345","5eb4cd32a7c744d89f301e6eb9fd54cd","avg_linear_acc_window","144000","1759993015454","5.517932208950631"
"single_R4.6.10_W2E4_T1.1_normal_20251009_140345","5eb4cd32a7c744d89f301e6eb9fd54cd","avg_linear_acc_window","145500","1759993043794","5.292178104219027"
"single_R4.6.10_W2E4_T1.1_normal_20251009_140345","5eb4cd32a7c744d89f301e6eb9fd54cd","avg_linear_acc_window","146500","1759993062774","5.483863241836429"
"single_R4.6.10_W2E4_T1.1_normal_20251009_140345","5eb4cd32a7c744d89f301e6eb9fd54cd","avg_linear_acc_window","148000","1759993090677","5.355232886714861"
"single_R4.6.10_W2E4_T1.1_normal_20251009_140345","5eb4cd32a7c744d89f301e6eb9fd54cd","avg_linear_acc_window","149000","1759993109604","5.349502115477808"
"single_R4.6.10_W2E4_T1.1_normal_20251009_140345","5eb4cd32a7c744d89f301e6eb9fd54cd","avg_linear_acc_window","150500","1759993133464","5.258377980587072"
"single_R4.6.10_W2E4_T1.1_normal_20251009_140345","5eb4cd32a7c744d89f301e6eb9fd54cd","avg_linear_acc_window","151500","1759993149405","5.164030508471653"
"single_R4.6.10_W2E4_T1.1_normal_20251009_140345","5eb4cd32a7c744d89f301e6eb9fd54cd","avg_linear_acc_window","153000","1759993172883","5.234568950589746"
"single_R4.6.10_W2E4_T1.1_normal_20251009_140345","5eb4cd32a7c744d89f301e6eb9fd54cd","avg_linear_acc_window","154000","1759993188338","4.86474981873855"
"single_R4.6.10_W2E4_T1.1_normal_20251009_140345","5eb4cd32a7c744d89f301e6eb9fd54cd","avg_linear_acc_window","155500","1759993211264","5.210935090110637"
"single_R4.6.10_W2E4_T1.1_normal_20251009_140345","5eb4cd32a7c744d89f301e6eb9fd54cd","avg_linear_acc_window","156500","1759993227169","5.223310826548375"
"single_R4.6.10_W2E4_T1.1_normal_20251009_140345","5eb4cd32a7c744d89f301e6eb9fd54cd","avg_linear_acc_window","158000","1759993250479","5.0831787353232505"
"single_R4.6.10_W2E4_T1.1_normal_20251009_140345","5eb4cd32a7c744d89f301e6eb9fd54cd","avg_linear_acc_window","159000","1759993265781","5.614365825382062"
"single_R4.6.10_W2E4_T1.1_normal_20251009_140345","5eb4cd32a7c744d89f301e6eb9fd54cd","avg_linear_acc_window","160000","1759993280985","5.357200821530074"
"single_R4.6.10_W2E4_Fragile_T2.1_20251009_135707","a06aa22ba6cf48ed8806fc9eef683202","avg_linear_acc_window","500","1759989439246","7.835334050143137"
"single_R4.6.10_W2E4_Fragile_T2.1_20251009_135707","a06aa22ba6cf48ed8806fc9eef683202","avg_linear_acc_window","1500","1759989452769","8.010628664005548"
"single_R4.6.10_W2E4_Fragile_T2.1_20251009_135707","a06aa22ba6cf48ed8806fc9eef683202","avg_linear_acc_window","3000","1759989477790","0.8421424041166902"
"single_R4.6.10_W2E4_Fragile_T2.1_20251009_135707","a06aa22ba6cf48ed8806fc9eef683202","avg_linear_acc_window","4000","1759989494543","1.7184852681197227"
"single_R4.6.10_W2E4_Fragile_T2.1_20251009_135707","a06aa22ba6cf48ed8806fc9eef683202","avg_linear_acc_window","5500","1759989519024","2.395102132294327"
"single_R4.6.10_W2E4_Fragile_T2.1_20251009_135707","a06aa22ba6cf48ed8806fc9eef683202","avg_linear_acc_window","6500","1759989534156","2.658989620702341"
"single_R4.6.10_W2E4_Fragile_T2.1_20251009_135707","a06aa22ba6cf48ed8806fc9eef683202","avg_linear_acc_window","8000","1759989556783","2.6215457015084103"
"single_R4.6.10_W2E4_Fragile_T2.1_20251009_135707","a06aa22ba6cf48ed8806fc9eef683202","avg_linear_acc_window","9000","1759989572926","2.8476489295093343"
"single_R4.6.10_W2E4_Fragile_T2.1_20251009_135707","a06aa22ba6cf48ed8806fc9eef683202","avg_linear_acc_window","10500","1759989595314","3.2972813663827254"
"single_R4.6.10_W2E4_Fragile_T2.1_20251009_135707","a06aa22ba6cf48ed8806fc9eef683202","avg_linear_acc_window","11500","1759989612227","3.482123733382672"
"single_R4.6.10_W2E4_Fragile_T2.1_20251009_135707","a06aa22ba6cf48ed8806fc9eef683202","avg_linear_acc_window","13000","1759989635801","3.0471855241190644"
"single_R4.6.10_W2E4_Fragile_T2.1_20251009_135707","a06aa22ba6cf48ed8806fc9eef683202","avg_linear_acc_window","14000","1759989650582","3.097600257914513"
"single_R4.6.10_W2E4_Fragile_T2.1_20251009_135707","a06aa22ba6cf48ed8806fc9eef683202","avg_linear_acc_window","15500","1759989675531","2.828263587729074"
"single_R4.6.10_W2E4_Fragile_T2.1_20251009_135707","a06aa22ba6cf48ed8806fc9eef683202","avg_linear_acc_window","16500","1759989690206","2.9582793782223016"
"single_R4.6.10_W2E4_Fragile_T2.1_20251009_135707","a06aa22ba6cf48ed8806fc9eef683202","avg_linear_acc_window","18000","1759989713412","2.6377072974555196"
"single_R4.6.10_W2E4_Fragile_T2.1_20251009_135707","a06aa22ba6cf48ed8806fc9eef683202","avg_linear_acc_window","19000","1759989731389","2.847028476617299"
"single_R4.6.10_W2E4_Fragile_T2.1_20251009_135707","a06aa22ba6cf48ed8806fc9eef683202","avg_linear_acc_window","20500","1759989764516","2.5989321302073076"
"single_R4.6.10_W2E4_Fragile_T2.1_20251009_135707","a06aa22ba6cf48ed8806fc9eef683202","avg_linear_acc_window","21500","1759989784432","2.735579546822235"
"single_R4.6.10_W2E4_Fragile_T2.1_20251009_135707","a06aa22ba6cf48ed8806fc9eef683202","avg_linear_acc_window","23000","1759989812315","2.9333285611402244"
"single_R4.6.10_W2E4_Fragile_T2.1_20251009_135707","a06aa22ba6cf48ed8806fc9eef683202","avg_linear_acc_window","24000","1759989829880","3.046654881815426"
"single_R4.6.10_W2E4_Fragile_T2.1_20251009_135707","a06aa22ba6cf48ed8806fc9eef683202","avg_linear_acc_window","25500","1759989864808","2.9316164328157903"
"single_R4.6.10_W2E4_Fragile_T2.1_20251009_135707","a06aa22ba6cf48ed8806fc9eef683202","avg_linear_acc_window","26500","1759989887715","3.2860947170965376"
"single_R4.6.10_W2E4_Fragile_T2.1_20251009_135707","a06aa22ba6cf48ed8806fc9eef683202","avg_linear_acc_window","28000","1759989918700","3.2410232302732767"
"single_R4.6.10_W2E4_Fragile_T2.1_20251009_135707","a06aa22ba6cf48ed8806fc9eef683202","avg_linear_acc_window","29000","1759989937052","3.7429859636537732"
"single_R4.6.10_W2E4_Fragile_T2.1_20251009_135707","a06aa22ba6cf48ed8806fc9eef683202","avg_linear_acc_window","30500","1759989965357","3.7494367494834586"
"single_R4.6.10_W2E4_Fragile_T2.1_20251009_135707","a06aa22ba6cf48ed8806fc9eef683202","avg_linear_acc_window","31500","1759989984231","3.6908708555782215"
"single_R4.6.10_W2E4_Fragile_T2.1_20251009_135707","a06aa22ba6cf48ed8806fc9eef683202","avg_linear_acc_window","33000","1759990015172","3.828491104519926"
"single_R4.6.10_W2E4_Fragile_T2.1_20251009_135707","a06aa22ba6cf48ed8806fc9eef683202","avg_linear_acc_window","34000","1759990038549","3.668378688212484"
"single_R4.6.10_W2E4_Fragile_T2.1_20251009_135707","a06aa22ba6cf48ed8806fc9eef683202","avg_linear_acc_window","35500","1759990070879","3.539663523159921"
"single_R4.6.10_W2E4_Fragile_T2.1_20251009_135707","a06aa22ba6cf48ed8806fc9eef683202","avg_linear_acc_window","36500","1759990091030","3.2130291768610477"
"single_R4.6.10_W2E4_Fragile_T2.1_20251009_135707","a06aa22ba6cf48ed8806fc9eef683202","avg_linear_acc_window","38000","1759990122734","3.2914858220629393"
"single_R4.6.10_W2E4_Fragile_T2.1_20251009_135707","a06aa22ba6cf48ed8806fc9eef683202","avg_linear_acc_window","39000","1759990144233","2.9448089596182108"
"single_R4.6.10_W2E4_Fragile_T2.1_20251009_135707","a06aa22ba6cf48ed8806fc9eef683202","avg_linear_acc_window","40500","1759990173733","2.8238084001326933"
"single_R4.6.10_W2E4_Fragile_T2.1_20251009_135707","a06aa22ba6cf48ed8806fc9eef683202","avg_linear_acc_window","41500","1759990195106","3.030781047595665"
"single_R4.6.10_W2E4_Fragile_T2.1_20251009_135707","a06aa22ba6cf48ed8806fc9eef683202","avg_linear_acc_window","43000","1759990225931","3.0430120225837456"
"single_R4.6.10_W2E4_Fragile_T2.1_20251009_135707","a06aa22ba6cf48ed8806fc9eef683202","avg_linear_acc_window","44000","1759990249222","3.0095007340554147"
"single_R4.6.10_W2E4_Fragile_T2.1_20251009_135707","a06aa22ba6cf48ed8806fc9eef683202","avg_linear_acc_window","45500","1759990284123","2.899061120367609"
"single_R4.6.10_W2E4_Fragile_T2.1_20251009_135707","a06aa22ba6cf48ed8806fc9eef683202","avg_linear_acc_window","46500","1759990306425","2.8709499185075984"
"single_R4.6.10_W2E4_Fragile_T2.1_20251009_135707","a06aa22ba6cf48ed8806fc9eef683202","avg_linear_acc_window","48000","1759990342397","2.9864313417831436"
"single_R4.6.10_W2E4_Fragile_T2.1_20251009_135707","a06aa22ba6cf48ed8806fc9eef683202","avg_linear_acc_window","49000","1759990366261","3.0353794314842673"
"single_R4.6.10_W2E4_Fragile_T2.1_20251009_135707","a06aa22ba6cf48ed8806fc9eef683202","avg_linear_acc_window","50500","1759990401572","2.783089793642983"
"single_R4.6.10_W2E4_Fragile_T2.1_20251009_135707","a06aa22ba6cf48ed8806fc9eef683202","avg_linear_acc_window","51500","1759990426647","2.760256733490154"
"single_R4.6.10_W2E4_Fragile_T2.1_20251009_135707","a06aa22ba6cf48ed8806fc9eef683202","avg_linear_acc_window","53000","1759990464952","2.723462949208915"
"single_R4.6.10_W2E4_Fragile_T2.1_20251009_135707","a06aa22ba6cf48ed8806fc9eef683202","avg_linear_acc_window","54000","1759990487499","2.785415072211996"
"single_R4.6.10_W2E4_Fragile_T2.1_20251009_135707","a06aa22ba6cf48ed8806fc9eef683202","avg_linear_acc_window","55500","1759990522155","3.151461006993428"
"single_R4.6.10_W2E4_Fragile_T2.1_20251009_135707","a06aa22ba6cf48ed8806fc9eef683202","avg_linear_acc_window","56500","1759990542277","3.261308969097212"
"single_R4.6.10_W2E4_Fragile_T2.1_20251009_135707","a06aa22ba6cf48ed8806fc9eef683202","avg_linear_acc_window","58000","1759990573389","3.1647310036597776"
"single_R4.6.10_W2E4_Fragile_T2.1_20251009_135707","a06aa22ba6cf48ed8806fc9eef683202","avg_linear_acc_window","59000","1759990594685","3.014232165760361"
"single_R4.6.10_W2E4_Fragile_T2.1_20251009_135707","a06aa22ba6cf48ed8806fc9eef683202","avg_linear_acc_window","60500","1759990625613","3.197429834888317"
"single_R4.6.10_W2E4_Fragile_T2.1_20251009_135707","a06aa22ba6cf48ed8806fc9eef683202","avg_linear_acc_window","61500","1759990650645","3.201360890661366"
"single_R4.6.10_W2E4_Fragile_T2.1_20251009_135707","a06aa22ba6cf48ed8806fc9eef683202","avg_linear_acc_window","63000","1759990690728","3.0855898376135156"
"single_R4.6.10_W2E4_Fragile_T2.1_20251009_135707","a06aa22ba6cf48ed8806fc9eef683202","avg_linear_acc_window","64000","1759990718320","3.0540337589848785"
"single_R4.6.10_W2E4_Fragile_T2.1_20251009_135707","a06aa22ba6cf48ed8806fc9eef683202","avg_linear_acc_window","65500","1759990758936","3.150607762804255"
"single_R4.6.10_W2E4_Fragile_T2.1_20251009_135707","a06aa22ba6cf48ed8806fc9eef683202","avg_linear_acc_window","66500","1759990782793","2.9848030756544324"
"single_R4.6.10_W2E4_Fragile_T2.1_20251009_135707","a06aa22ba6cf48ed8806fc9eef683202","avg_linear_acc_window","68000","1759990818192","3.1012263451041653"
"single_R4.6.10_W2E4_Fragile_T2.1_20251009_135707","a06aa22ba6cf48ed8806fc9eef683202","avg_linear_acc_window","69000","1759990844275","3.25851202889625"
"single_R4.6.10_W2E4_Fragile_T2.1_20251009_135707","a06aa22ba6cf48ed8806fc9eef683202","avg_linear_acc_window","70500","1759990877641","3.3457961426917464"
"single_R4.6.10_W2E4_Fragile_T2.1_20251009_135707","a06aa22ba6cf48ed8806fc9eef683202","avg_linear_acc_window","71500","1759990900936","3.121807637755759"
"single_R4.6.10_W2E4_Fragile_T2.1_20251009_135707","a06aa22ba6cf48ed8806fc9eef683202","avg_linear_acc_window","73000","1759990934120","3.156745524550788"
"single_R4.6.10_W2E4_Fragile_T2.1_20251009_135707","a06aa22ba6cf48ed8806fc9eef683202","avg_linear_acc_window","74000","1759990956636","2.908013621768914"
"single_R4.6.10_W2E4_Fragile_T2.1_20251009_135707","a06aa22ba6cf48ed8806fc9eef683202","avg_linear_acc_window","75500","1759990989013","3.1704188377829268"
"single_R4.6.10_W2E4_Fragile_T2.1_20251009_135707","a06aa22ba6cf48ed8806fc9eef683202","avg_linear_acc_window","76500","1759991009032","2.92578381646052"
"single_R4.6.10_W2E4_Fragile_T2.1_20251009_135707","a06aa22ba6cf48ed8806fc9eef683202","avg_linear_acc_window","78000","1759991042564","3.0904820440355687"
"single_R4.6.10_W2E4_Fragile_T2.1_20251009_135707","a06aa22ba6cf48ed8806fc9eef683202","avg_linear_acc_window","79000","1759991062130","2.8249716562833638"
"single_R4.6.10_W2E4_Fragile_T2.1_20251009_135707","a06aa22ba6cf48ed8806fc9eef683202","avg_linear_acc_window","80500","1759991091353","2.7090348166096954"
"single_R4.6.10_W2E4_Fragile_T2.1_20251009_135707","a06aa22ba6cf48ed8806fc9eef683202","avg_linear_acc_window","81500","1759991110601","2.857310884848237"
"single_R4.6.10_W2E4_Fragile_T2.1_20251009_135707","a06aa22ba6cf48ed8806fc9eef683202","avg_linear_acc_window","83000","1759991139398","2.928102997568436"
"single_R4.6.10_W2E4_Fragile_T2.1_20251009_135707","a06aa22ba6cf48ed8806fc9eef683202","avg_linear_acc_window","84000","1759991158935","2.85815572477784"
"single_R4.6.10_W2E4_Fragile_T2.1_20251009_135707","a06aa22ba6cf48ed8806fc9eef683202","avg_linear_acc_window","85500","1759991188161","2.8352585395434873"
"single_R4.6.10_W2E4_Fragile_T2.1_20251009_135707","a06aa22ba6cf48ed8806fc9eef683202","avg_linear_acc_window","86500","1759991208175","2.693313300573267"
"single_R4.6.10_W2E4_Fragile_T2.1_20251009_135707","a06aa22ba6cf48ed8806fc9eef683202","avg_linear_acc_window","88000","1759991237323","2.886972055481747"
"single_R4.6.10_W2E4_Fragile_T2.1_20251009_135707","a06aa22ba6cf48ed8806fc9eef683202","avg_linear_acc_window","89000","1759991256316","2.914593526832759"
"single_R4.6.10_W2E4_Fragile_T2.1_20251009_135707","a06aa22ba6cf48ed8806fc9eef683202","avg_linear_acc_window","90500","1759991285472","2.7886894032107667"
"single_R4.6.10_W2E4_Fragile_T2.1_20251009_135707","a06aa22ba6cf48ed8806fc9eef683202","avg_linear_acc_window","91500","1759991305378","2.82694081208203"
"single_R4.6.10_W2E4_Fragile_T2.1_20251009_135707","a06aa22ba6cf48ed8806fc9eef683202","avg_linear_acc_window","93000","1759991334718","2.8910866642640904"
"single_R4.6.10_W2E4_Fragile_T2.1_20251009_135707","a06aa22ba6cf48ed8806fc9eef683202","avg_linear_acc_window","94000","1759991354223","3.005897293101065"
"single_R4.6.10_W2E4_Fragile_T2.1_20251009_135707","a06aa22ba6cf48ed8806fc9eef683202","avg_linear_acc_window","95500","1759991383682","2.851604098243639"
"single_R4.6.10_W2E4_Fragile_T2.1_20251009_135707","a06aa22ba6cf48ed8806fc9eef683202","avg_linear_acc_window","96500","1759991404980","2.867553196351975"
"single_R4.6.10_W2E4_Fragile_T2.1_20251009_135707","a06aa22ba6cf48ed8806fc9eef683202","avg_linear_acc_window","98000","1759991440664","2.8820466385958716"
"single_R4.6.10_W2E4_Fragile_T2.1_20251009_135707","a06aa22ba6cf48ed8806fc9eef683202","avg_linear_acc_window","99000","1759991463582","2.937873666313477"
"single_R4.6.10_W2E4_Fragile_T2.1_20251009_135707","a06aa22ba6cf48ed8806fc9eef683202","avg_linear_acc_window","100500","1759991497410","2.978456658735871"
"single_R4.6.10_W2E4_Fragile_T2.1_20251009_135707","a06aa22ba6cf48ed8806fc9eef683202","avg_linear_acc_window","101500","1759991520431","2.8501882076002656"
"single_R4.6.10_W2E4_Fragile_T2.1_20251009_135707","a06aa22ba6cf48ed8806fc9eef683202","avg_linear_acc_window","103000","1759991562296","2.7793860823651775"
"single_R4.6.10_W2E4_Fragile_T2.1_20251009_135707","a06aa22ba6cf48ed8806fc9eef683202","avg_linear_acc_window","104000","1759991586406","2.9227609729841353"
"single_R4.6.10_W2E4_Fragile_T2.1_20251009_135707","a06aa22ba6cf48ed8806fc9eef683202","avg_linear_acc_window","105500","1759991623701","3.2504765549022703"
"single_R4.6.10_W2E4_Fragile_T2.1_20251009_135707","a06aa22ba6cf48ed8806fc9eef683202","avg_linear_acc_window","106500","1759991649823","2.8367930315677077"
"single_R4.6.10_W2E4_Fragile_T2.1_20251009_135707","a06aa22ba6cf48ed8806fc9eef683202","avg_linear_acc_window","108000","1759991690764","2.8610825497694314"
"single_R4.6.10_W2E4_Fragile_T2.1_20251009_135707","a06aa22ba6cf48ed8806fc9eef683202","avg_linear_acc_window","109000","1759991714849","3.118260148074478"
"single_R4.6.10_W2E4_Fragile_T2.1_20251009_135707","a06aa22ba6cf48ed8806fc9eef683202","avg_linear_acc_window","110500","1759991748857","2.7138047361820936"
"single_R4.6.10_W2E4_Fragile_T2.1_20251009_135707","a06aa22ba6cf48ed8806fc9eef683202","avg_linear_acc_window","111500","1759991775581","2.7938049399517477"
"single_R4.6.10_W2E4_Fragile_T2.1_20251009_135707","a06aa22ba6cf48ed8806fc9eef683202","avg_linear_acc_window","113000","1759991815319","2.8252892038309945"
"single_R4.6.10_W2E4_Fragile_T2.1_20251009_135707","a06aa22ba6cf48ed8806fc9eef683202","avg_linear_acc_window","114000","1759991840216","2.9356869470188394"
"single_R4.6.10_W2E4_Fragile_T2.1_20251009_135707","a06aa22ba6cf48ed8806fc9eef683202","avg_linear_acc_window","115500","1759991879313","2.752763480817899"
"single_R4.6.10_W2E4_Fragile_T2.1_20251009_135707","a06aa22ba6cf48ed8806fc9eef683202","avg_linear_acc_window","116500","1759991906795","2.997438664565794"
"single_R4.6.10_W2E4_Fragile_T2.1_20251009_135707","a06aa22ba6cf48ed8806fc9eef683202","avg_linear_acc_window","118000","1759991944906","2.6093013923410324"
"single_R4.6.10_W2E4_Fragile_T2.1_20251009_135707","a06aa22ba6cf48ed8806fc9eef683202","avg_linear_acc_window","119000","1759991970812","2.4673250349732117"
"single_R4.6.10_W2E4_Fragile_T2.1_20251009_135707","a06aa22ba6cf48ed8806fc9eef683202","avg_linear_acc_window","120500","1759992008951","2.4538104353025556"
"single_R4.6.10_W2E4_Fragile_T2.1_20251009_135707","a06aa22ba6cf48ed8806fc9eef683202","avg_linear_acc_window","121500","1759992033507","2.6632237567454577"
"single_R4.6.10_W2E4_Fragile_T2.1_20251009_135707","a06aa22ba6cf48ed8806fc9eef683202","avg_linear_acc_window","123000","1759992071583","2.5040016783187165"
"single_R4.6.10_W2E4_Fragile_T2.1_20251009_135707","a06aa22ba6cf48ed8806fc9eef683202","avg_linear_acc_window","124000","1759992094848","2.3797538451300935"
"single_R4.6.10_W2E4_Fragile_T2.1_20251009_135707","a06aa22ba6cf48ed8806fc9eef683202","avg_linear_acc_window","125500","1759992130118","2.5056880885036663"
"single_R4.6.10_W2E4_Fragile_T2.1_20251009_135707","a06aa22ba6cf48ed8806fc9eef683202","avg_linear_acc_window","126500","1759992154547","2.492104957897216"
"single_R4.6.10_W2E4_Fragile_T2.1_20251009_135707","a06aa22ba6cf48ed8806fc9eef683202","avg_linear_acc_window","128000","1759992189719","2.3517966020349412"
"single_R4.6.10_W2E4_Fragile_T2.1_20251009_135707","a06aa22ba6cf48ed8806fc9eef683202","avg_linear_acc_window","129000","1759992211427","2.480004267643206"
"single_R4.6.10_W2E4_Fragile_T2.1_20251009_135707","a06aa22ba6cf48ed8806fc9eef683202","avg_linear_acc_window","130500","1759992244134","2.5902013420164587"
"single_R4.6.10_W2E4_Fragile_T2.1_20251009_135707","a06aa22ba6cf48ed8806fc9eef683202","avg_linear_acc_window","131500","1759992265368","2.485116184029728"
"single_R4.6.10_W2E4_Fragile_T2.1_20251009_135707","a06aa22ba6cf48ed8806fc9eef683202","avg_linear_acc_window","133000","1759992298376","2.4930000806534665"
"single_R4.6.10_W2E4_Fragile_T2.1_20251009_135707","a06aa22ba6cf48ed8806fc9eef683202","avg_linear_acc_window","134000","1759992319845","2.354964109943248"
"single_R4.6.10_W2E4_Fragile_T2.1_20251009_135707","a06aa22ba6cf48ed8806fc9eef683202","avg_linear_acc_window","135500","1759992352318","2.5102745171962306"
"single_R4.6.10_W2E4_Fragile_T2.1_20251009_135707","a06aa22ba6cf48ed8806fc9eef683202","avg_linear_acc_window","136500","1759992374161","2.5241432863520457"
"single_R4.6.10_W2E4_Fragile_T2.1_20251009_135707","a06aa22ba6cf48ed8806fc9eef683202","avg_linear_acc_window","138000","1759992406684","2.516960124765523"
"single_R4.6.10_W2E4_Fragile_T2.1_20251009_135707","a06aa22ba6cf48ed8806fc9eef683202","avg_linear_acc_window","139000","1759992428269","2.3020825185915457"
"single_R4.6.10_W2E4_Fragile_T2.1_20251009_135707","a06aa22ba6cf48ed8806fc9eef683202","avg_linear_acc_window","140500","1759992460705","2.356067723251879"
"single_R4.6.10_W2E4_Fragile_T2.1_20251009_135707","a06aa22ba6cf48ed8806fc9eef683202","avg_linear_acc_window","141500","1759992482778","2.504746906301938"
"single_R4.6.10_W2E4_Fragile_T2.1_20251009_135707","a06aa22ba6cf48ed8806fc9eef683202","avg_linear_acc_window","143000","1759992515238","2.3426958226505668"
"single_R4.6.10_W2E4_Fragile_T2.1_20251009_135707","a06aa22ba6cf48ed8806fc9eef683202","avg_linear_acc_window","144000","1759992537028","2.380558427560143"
"single_R4.6.10_W2E4_Fragile_T2.1_20251009_135707","a06aa22ba6cf48ed8806fc9eef683202","avg_linear_acc_window","145500","1759992569230","2.301094021132216"
"single_R4.6.10_W2E4_Fragile_T2.1_20251009_135707","a06aa22ba6cf48ed8806fc9eef683202","avg_linear_acc_window","146500","1759992590636","2.422157385356724"
"single_R4.6.10_W2E4_Fragile_T2.1_20251009_135707","a06aa22ba6cf48ed8806fc9eef683202","avg_linear_acc_window","148000","1759992623468","2.3835255421446635"
"single_R4.6.10_W2E4_Fragile_T2.1_20251009_135707","a06aa22ba6cf48ed8806fc9eef683202","avg_linear_acc_window","149000","1759992645643","2.315000410449691"
"single_R4.6.10_W2E4_Fragile_T2.1_20251009_135707","a06aa22ba6cf48ed8806fc9eef683202","avg_linear_acc_window","150500","1759992677436","2.351928452892229"
"single_R4.6.10_W2E4_Fragile_T2.1_20251009_135707","a06aa22ba6cf48ed8806fc9eef683202","avg_linear_acc_window","151500","1759992699399","2.3871613767314703"
"single_R4.6.10_W2E4_Fragile_T2.1_20251009_135707","a06aa22ba6cf48ed8806fc9eef683202","avg_linear_acc_window","153000","1759992731935","2.2887981389341876"
"single_R4.6.10_W2E4_Fragile_T2.1_20251009_135707","a06aa22ba6cf48ed8806fc9eef683202","avg_linear_acc_window","154000","1759992753361","2.3735822339113803"
"single_R4.6.10_W2E4_Fragile_T2.1_20251009_135707","a06aa22ba6cf48ed8806fc9eef683202","avg_linear_acc_window","155500","1759992785916","2.2938352462854237"
"single_R4.6.10_W2E4_Fragile_T2.1_20251009_135707","a06aa22ba6cf48ed8806fc9eef683202","avg_linear_acc_window","156500","1759992807626","2.363785274303518"
"single_R4.6.10_W2E4_Fragile_T2.1_20251009_135707","a06aa22ba6cf48ed8806fc9eef683202","avg_linear_acc_window","158000","1759992840378","2.3365814177198336"
"single_R4.6.10_W2E4_Fragile_T2.1_20251009_135707","a06aa22ba6cf48ed8806fc9eef683202","avg_linear_acc_window","159000","1759992862304","2.3133226518230514"
"single_R4.6.10_W2E4_Fragile_T2.1_20251009_135707","a06aa22ba6cf48ed8806fc9eef683202","avg_linear_acc_window","160000","1759992883581","2.2855639362642544"
