Run,Run ID,metric,step,timestamp,value
single_R4.6.10_W2E4_T5.2_dangerous_20251013_224357,e583ade55f28481e83808122a9032241,success_rate_recent_100,140500,1760366648984,0
single_R4.6.10_W2E4_T5.2_dangerous_20251013_224357,e583ade55f28481e83808122a9032241,success_rate_recent_100,141500,1760366662869,0.333333333333333
single_R4.6.10_W2E4_T5.2_dangerous_20251013_224357,e583ade55f28481e83808122a9032241,success_rate_recent_100,143000,1760366684639,0.307692307692308
single_R4.6.10_W2E4_T5.2_dangerous_20251013_224357,e583ade55f28481e83808122a9032241,success_rate_recent_100,144000,1760366699771,0.3
single_R4.6.10_W2E4_T5.2_dangerous_20251013_224357,e583ade55f28481e83808122a9032241,success_rate_recent_100,145500,1760366720448,0.296296296296296
single_R4.6.10_W2E4_T5.2_dangerous_20251013_224357,e583ade55f28481e83808122a9032241,success_rate_recent_100,146500,1760366734537,0.303030303030303
single_R4.6.10_W2E4_T5.2_dangerous_20251013_224357,e583ade55f28481e83808122a9032241,success_rate_recent_100,148000,1760366754730,0.325
single_R4.6.10_W2E4_T5.2_dangerous_20251013_224357,e583ade55f28481e83808122a9032241,success_rate_recent_100,149000,1760366769634,0.369565217391304
single_R4.6.10_W2E4_T5.2_dangerous_20251013_224357,e583ade55f28481e83808122a9032241,success_rate_recent_100,150500,1760366792276,0.388888888888889
single_R4.6.10_W2E4_T5.2_dangerous_20251013_224357,e583ade55f28481e83808122a9032241,success_rate_recent_100,151500,1760366806988,0.406779661016949
single_R4.6.10_W2E4_T5.2_dangerous_20251013_224357,e583ade55f28481e83808122a9032241,success_rate_recent_100,153000,1760366829532,0.417910447761194
single_R4.6.10_W2E4_T5.2_dangerous_20251013_224357,e583ade55f28481e83808122a9032241,success_rate_recent_100,154000,1760366844820,0.438356164383562
single_R4.6.10_W2E4_T5.2_dangerous_20251013_224357,e583ade55f28481e83808122a9032241,success_rate_recent_100,155500,1760366866828,0.4375
single_R4.6.10_W2E4_T5.2_dangerous_20251013_224357,e583ade55f28481e83808122a9032241,success_rate_recent_100,156500,1760366880445,0.458823529411765
single_R4.6.10_W2E4_T5.2_dangerous_20251013_224357,e583ade55f28481e83808122a9032241,success_rate_recent_100,158000,1760366901583,0.473118279569893
single_R4.6.10_W2E4_T5.2_dangerous_20251013_224357,e583ade55f28481e83808122a9032241,success_rate_recent_100,159000,1760366915256,0.479591836734694
single_R4.6.10_W2E4_T5.2_dangerous_20251013_224357,e583ade55f28481e83808122a9032241,success_rate_recent_100,160000,1760366929617,0.52
single_R4.6.10_W2E4_T5.2_dangerous_20251013_224357,e583ade55f28481e83808122a9032241,success_rate_recent_100,160500,1760366936498,0.54
single_R4.6.10_W2E4_T5.2_dangerous_20251013_224357,e583ade55f28481e83808122a9032241,success_rate_recent_100,161500,1760366950388,0.55
single_R4.6.10_W2E4_T5.2_dangerous_20251013_224357,e583ade55f28481e83808122a9032241,success_rate_recent_100,163000,1760366971439,0.61
single_R4.6.10_W2E4_T5.2_dangerous_20251013_224357,e583ade55f28481e83808122a9032241,success_rate_recent_100,164000,1760366985963,0.65
single_R4.6.10_W2E4_T5.2_dangerous_20251013_224357,e583ade55f28481e83808122a9032241,success_rate_recent_100,165500,1760367006426,0.65
single_R4.6.10_W2E4_T5.2_dangerous_20251013_224357,e583ade55f28481e83808122a9032241,success_rate_recent_100,166500,1760367020524,0.67
single_R4.6.10_W2E4_T5.2_dangerous_20251013_224357,e583ade55f28481e83808122a9032241,success_rate_recent_100,168000,1760367041015,0.68
single_R4.6.10_W2E4_T5.2_dangerous_20251013_224357,e583ade55f28481e83808122a9032241,success_rate_recent_100,169000,1760367055404,0.71
single_R4.6.10_W2E4_T5.2_dangerous_20251013_224357,e583ade55f28481e83808122a9032241,success_rate_recent_100,170500,1760367076220,0.75
single_R4.6.10_W2E4_T5.2_dangerous_20251013_224357,e583ade55f28481e83808122a9032241,success_rate_recent_100,171500,1760367090237,0.77
single_R4.6.10_W2E4_T5.2_dangerous_20251013_224357,e583ade55f28481e83808122a9032241,success_rate_recent_100,173000,1760367111729,0.82
single_R4.6.10_W2E4_T5.2_dangerous_20251013_224357,e583ade55f28481e83808122a9032241,success_rate_recent_100,174000,1760367125643,0.81
single_R4.6.10_W2E4_T5.2_dangerous_20251013_224357,e583ade55f28481e83808122a9032241,success_rate_recent_100,175500,1760367146663,0.84
single_R4.6.10_W2E4_T5.2_dangerous_20251013_224357,e583ade55f28481e83808122a9032241,success_rate_recent_100,176500,1760367160200,0.81
single_R4.6.10_W2E4_T5.2_dangerous_20251013_224357,e583ade55f28481e83808122a9032241,success_rate_recent_100,178000,1760367181539,0.83
single_R4.6.10_W2E4_T5.2_dangerous_20251013_224357,e583ade55f28481e83808122a9032241,success_rate_recent_100,179000,1760367195173,0.82
single_R4.6.10_W2E4_T5.2_dangerous_20251013_224357,e583ade55f28481e83808122a9032241,success_rate_recent_100,180500,1760367216058,0.83
single_R4.6.10_W2E4_T5.2_dangerous_20251013_224357,e583ade55f28481e83808122a9032241,success_rate_recent_100,181500,1760367230145,0.83
single_R4.6.10_W2E4_T5.2_dangerous_20251013_224357,e583ade55f28481e83808122a9032241,success_rate_recent_100,183000,1760367251294,0.87
single_R4.6.10_W2E4_T5.2_dangerous_20251013_224357,e583ade55f28481e83808122a9032241,success_rate_recent_100,184000,1760367265671,0.87
single_R4.6.10_W2E4_T5.2_dangerous_20251013_224357,e583ade55f28481e83808122a9032241,success_rate_recent_100,185500,1760367286324,0.86
single_R4.6.10_W2E4_T5.2_dangerous_20251013_224357,e583ade55f28481e83808122a9032241,success_rate_recent_100,186500,1760367300343,0.85
single_R4.6.10_W2E4_T5.2_dangerous_20251013_224357,e583ade55f28481e83808122a9032241,success_rate_recent_100,188000,1760367321388,0.83
single_R4.6.10_W2E4_T5.2_dangerous_20251013_224357,e583ade55f28481e83808122a9032241,success_rate_recent_100,189000,1760367335578,0.83
single_R4.6.10_W2E4_T5.2_dangerous_20251013_224357,e583ade55f28481e83808122a9032241,success_rate_recent_100,190500,1760367356860,0.83
single_R4.6.10_W2E4_T5.2_dangerous_20251013_224357,e583ade55f28481e83808122a9032241,success_rate_recent_100,191500,1760367371016,0.84
single_R4.6.10_W2E4_T5.2_dangerous_20251013_224357,e583ade55f28481e83808122a9032241,success_rate_recent_100,193000,1760367392377,0.87
single_R4.6.10_W2E4_T5.2_dangerous_20251013_224357,e583ade55f28481e83808122a9032241,success_rate_recent_100,194000,1760367406580,0.86
single_R4.6.10_W2E4_T5.2_dangerous_20251013_224357,e583ade55f28481e83808122a9032241,success_rate_recent_100,195500,1760367428583,0.87
single_R4.6.10_W2E4_T5.2_dangerous_20251013_224357,e583ade55f28481e83808122a9032241,success_rate_recent_100,196500,1760367444125,0.88
single_R4.6.10_W2E4_T5.2_dangerous_20251013_224357,e583ade55f28481e83808122a9032241,success_rate_recent_100,198000,1760367464901,0.88
single_R4.6.10_W2E4_T5.2_dangerous_20251013_224357,e583ade55f28481e83808122a9032241,success_rate_recent_100,199000,1760367479518,0.88
single_R4.6.10_W2E4_T5.2_dangerous_20251013_224357,e583ade55f28481e83808122a9032241,success_rate_recent_100,200000,1760367493402,0.89
single_R4.6.10_W2E4_T5.2_dangerous_20251013_224357,e583ade55f28481e83808122a9032241,success_rate_recent_100,200500,1760367500526,0.9
single_R4.6.10_W2E4_T5.2_dangerous_20251013_224357,e583ade55f28481e83808122a9032241,success_rate_recent_100,201500,1760367514630,0.92
single_R4.6.10_W2E4_T5.2_dangerous_20251013_224357,e583ade55f28481e83808122a9032241,success_rate_recent_100,203000,1760367536064,0.94
single_R4.6.10_W2E4_T5.2_dangerous_20251013_224357,e583ade55f28481e83808122a9032241,success_rate_recent_100,204000,1760367550103,0.94
single_R4.6.10_W2E4_T5.2_dangerous_20251013_224357,e583ade55f28481e83808122a9032241,success_rate_recent_100,205500,1760367571708,0.95
single_R4.6.10_W2E4_T5.2_dangerous_20251013_224357,e583ade55f28481e83808122a9032241,success_rate_recent_100,206500,1760367585478,0.95
single_R4.6.10_W2E4_T5.2_dangerous_20251013_224357,e583ade55f28481e83808122a9032241,success_rate_recent_100,208000,1760367606978,0.95
single_R4.6.10_W2E4_T5.2_dangerous_20251013_224357,e583ade55f28481e83808122a9032241,success_rate_recent_100,209000,1760367622287,0.97
single_R4.6.10_W2E4_T5.2_dangerous_20251013_224357,e583ade55f28481e83808122a9032241,success_rate_recent_100,210500,1760367643849,0.98
single_R4.6.10_W2E4_T5.2_dangerous_20251013_224357,e583ade55f28481e83808122a9032241,success_rate_recent_100,211500,1760367658269,0.98
single_R4.6.10_W2E4_T5.2_dangerous_20251013_224357,e583ade55f28481e83808122a9032241,success_rate_recent_100,213000,1760367679650,0.97
single_R4.6.10_W2E4_T5.2_dangerous_20251013_224357,e583ade55f28481e83808122a9032241,success_rate_recent_100,214000,1760367694210,0.97
single_R4.6.10_W2E4_T5.2_dangerous_20251013_224357,e583ade55f28481e83808122a9032241,success_rate_recent_100,215500,1760367715832,0.99
single_R4.6.10_W2E4_T5.2_dangerous_20251013_224357,e583ade55f28481e83808122a9032241,success_rate_recent_100,216500,1760367730357,0.98
single_R4.6.10_W2E4_T5.2_dangerous_20251013_224357,e583ade55f28481e83808122a9032241,success_rate_recent_100,218000,1760367751637,0.98
single_R4.6.10_W2E4_T5.2_dangerous_20251013_224357,e583ade55f28481e83808122a9032241,success_rate_recent_100,219000,1760367766051,0.98
single_R4.6.10_W2E4_T5.2_dangerous_20251013_224357,e583ade55f28481e83808122a9032241,success_rate_recent_100,220000,1760367780963,0.98
single_R4.6.10_W2E4_T4.1_fragile_20251013_173803,7d5701feac814f5bbd40752a92b0efa5,success_rate_recent_100,140500,1760348302501,0.222222222222222
single_R4.6.10_W2E4_T4.1_fragile_20251013_173803,7d5701feac814f5bbd40752a92b0efa5,success_rate_recent_100,141500,1760348326575,0.333333333333333
single_R4.6.10_W2E4_T4.1_fragile_20251013_173803,7d5701feac814f5bbd40752a92b0efa5,success_rate_recent_100,143000,1760348360939,0.391304347826087
single_R4.6.10_W2E4_T4.1_fragile_20251013_173803,7d5701feac814f5bbd40752a92b0efa5,success_rate_recent_100,144000,1760348385655,0.53125
single_R4.6.10_W2E4_T4.1_fragile_20251013_173803,7d5701feac814f5bbd40752a92b0efa5,success_rate_recent_100,145500,1760348421412,0.590909090909091
single_R4.6.10_W2E4_T4.1_fragile_20251013_173803,7d5701feac814f5bbd40752a92b0efa5,success_rate_recent_100,146500,1760348444405,0.6
single_R4.6.10_W2E4_T4.1_fragile_20251013_173803,7d5701feac814f5bbd40752a92b0efa5,success_rate_recent_100,148000,1760348480475,0.666666666666667
single_R4.6.10_W2E4_T4.1_fragile_20251013_173803,7d5701feac814f5bbd40752a92b0efa5,success_rate_recent_100,149000,1760348504120,0.690140845070423
single_R4.6.10_W2E4_T4.1_fragile_20251013_173803,7d5701feac814f5bbd40752a92b0efa5,success_rate_recent_100,150500,1760348540203,0.738095238095238
single_R4.6.10_W2E4_T4.1_fragile_20251013_173803,7d5701feac814f5bbd40752a92b0efa5,success_rate_recent_100,151500,1760348564017,0.763440860215054
single_R4.6.10_W2E4_T4.1_fragile_20251013_173803,7d5701feac814f5bbd40752a92b0efa5,success_rate_recent_100,153000,1760348600024,0.84
single_R4.6.10_W2E4_T4.1_fragile_20251013_173803,7d5701feac814f5bbd40752a92b0efa5,success_rate_recent_100,154000,1760348624308,0.89
single_R4.6.10_W2E4_T4.1_fragile_20251013_173803,7d5701feac814f5bbd40752a92b0efa5,success_rate_recent_100,155500,1760348660200,0.92
single_R4.6.10_W2E4_T4.1_fragile_20251013_173803,7d5701feac814f5bbd40752a92b0efa5,success_rate_recent_100,156500,1760348684261,0.95
single_R4.6.10_W2E4_T4.1_fragile_20251013_173803,7d5701feac814f5bbd40752a92b0efa5,success_rate_recent_100,158000,1760348721047,0.98
single_R4.6.10_W2E4_T4.1_fragile_20251013_173803,7d5701feac814f5bbd40752a92b0efa5,success_rate_recent_100,159000,1760348744464,0.98
single_R4.6.10_W2E4_T4.1_fragile_20251013_173803,7d5701feac814f5bbd40752a92b0efa5,success_rate_recent_100,160000,1760348767832,0.97
single_R4.6.10_W2E4_T4.1_fragile_20251013_173803,7d5701feac814f5bbd40752a92b0efa5,success_rate_recent_100,160500,1760348780136,0.97
single_R4.6.10_W2E4_T4.1_fragile_20251013_173803,7d5701feac814f5bbd40752a92b0efa5,success_rate_recent_100,161500,1760348803743,0.97
single_R4.6.10_W2E4_T4.1_fragile_20251013_173803,7d5701feac814f5bbd40752a92b0efa5,success_rate_recent_100,163000,1760348840206,0.97
single_R4.6.10_W2E4_T4.1_fragile_20251013_173803,7d5701feac814f5bbd40752a92b0efa5,success_rate_recent_100,164000,1760348864145,0.97
single_R4.6.10_W2E4_T4.1_fragile_20251013_173803,7d5701feac814f5bbd40752a92b0efa5,success_rate_recent_100,165500,1760348900526,0.97
single_R4.6.10_W2E4_T4.1_fragile_20251013_173803,7d5701feac814f5bbd40752a92b0efa5,success_rate_recent_100,166500,1760348923899,0.97
single_R4.6.10_W2E4_T4.1_fragile_20251013_173803,7d5701feac814f5bbd40752a92b0efa5,success_rate_recent_100,168000,1760348959381,0.95
single_R4.6.10_W2E4_T4.1_fragile_20251013_173803,7d5701feac814f5bbd40752a92b0efa5,success_rate_recent_100,169000,1760348984490,0.94
single_R4.6.10_W2E4_T4.1_fragile_20251013_173803,7d5701feac814f5bbd40752a92b0efa5,success_rate_recent_100,170500,1760349021543,0.96
single_R4.6.10_W2E4_T4.1_fragile_20251013_173803,7d5701feac814f5bbd40752a92b0efa5,success_rate_recent_100,171500,1760349046309,0.96
single_R4.6.10_W2E4_T4.1_fragile_20251013_173803,7d5701feac814f5bbd40752a92b0efa5,success_rate_recent_100,173000,1760349082778,0.96
single_R4.6.10_W2E4_T4.1_fragile_20251013_173803,7d5701feac814f5bbd40752a92b0efa5,success_rate_recent_100,174000,1760349107371,0.97
single_R4.6.10_W2E4_T4.1_fragile_20251013_173803,7d5701feac814f5bbd40752a92b0efa5,success_rate_recent_100,175500,1760349143840,0.97
single_R4.6.10_W2E4_T4.1_fragile_20251013_173803,7d5701feac814f5bbd40752a92b0efa5,success_rate_recent_100,176500,1760349168172,0.97
single_R4.6.10_W2E4_T4.1_fragile_20251013_173803,7d5701feac814f5bbd40752a92b0efa5,success_rate_recent_100,178000,1760349204723,0.99
single_R4.6.10_W2E4_T4.1_fragile_20251013_173803,7d5701feac814f5bbd40752a92b0efa5,success_rate_recent_100,179000,1760349228403,0.99
single_R4.6.10_W2E4_T4.1_fragile_20251013_173803,7d5701feac814f5bbd40752a92b0efa5,success_rate_recent_100,180500,1760349265234,0.99
single_R4.6.10_W2E4_T4.1_fragile_20251013_173803,7d5701feac814f5bbd40752a92b0efa5,success_rate_recent_100,181500,1760349289790,0.99
single_R4.6.10_W2E4_T4.1_fragile_20251013_173803,7d5701feac814f5bbd40752a92b0efa5,success_rate_recent_100,183000,1760349326875,0.99
single_R4.6.10_W2E4_T4.1_fragile_20251013_173803,7d5701feac814f5bbd40752a92b0efa5,success_rate_recent_100,184000,1760349351939,0.99
single_R4.6.10_W2E4_T4.1_fragile_20251013_173803,7d5701feac814f5bbd40752a92b0efa5,success_rate_recent_100,185500,1760349388716,0.99
single_R4.6.10_W2E4_T4.1_fragile_20251013_173803,7d5701feac814f5bbd40752a92b0efa5,success_rate_recent_100,186500,1760349413534,0.99
single_R4.6.10_W2E4_T4.1_fragile_20251013_173803,7d5701feac814f5bbd40752a92b0efa5,success_rate_recent_100,188000,1760349451105,0.98
single_R4.6.10_W2E4_T4.1_fragile_20251013_173803,7d5701feac814f5bbd40752a92b0efa5,success_rate_recent_100,189000,1760349476013,0.98
single_R4.6.10_W2E4_T4.1_fragile_20251013_173803,7d5701feac814f5bbd40752a92b0efa5,success_rate_recent_100,190500,1760349512890,0.98
single_R4.6.10_W2E4_T4.1_fragile_20251013_173803,7d5701feac814f5bbd40752a92b0efa5,success_rate_recent_100,191500,1760349537856,0.98
single_R4.6.10_W2E4_T4.1_fragile_20251013_173803,7d5701feac814f5bbd40752a92b0efa5,success_rate_recent_100,193000,1760349575571,0.98
single_R4.6.10_W2E4_T4.1_fragile_20251013_173803,7d5701feac814f5bbd40752a92b0efa5,success_rate_recent_100,194000,1760349600804,0.98
single_R4.6.10_W2E4_T4.1_fragile_20251013_173803,7d5701feac814f5bbd40752a92b0efa5,success_rate_recent_100,195500,1760349637668,0.98
single_R4.6.10_W2E4_T4.1_fragile_20251013_173803,7d5701feac814f5bbd40752a92b0efa5,success_rate_recent_100,196500,1760349662862,0.99
single_R4.6.10_W2E4_T4.1_fragile_20251013_173803,7d5701feac814f5bbd40752a92b0efa5,success_rate_recent_100,198000,1760349700236,1
single_R4.6.10_W2E4_T4.1_fragile_20251013_173803,7d5701feac814f5bbd40752a92b0efa5,success_rate_recent_100,199000,1760349725274,1
single_R4.6.10_W2E4_T4.1_fragile_20251013_173803,7d5701feac814f5bbd40752a92b0efa5,success_rate_recent_100,200000,1760349750096,1
single_R4.6.10_W2E4_T3.4_dangerous_20251013_162524,e8e28dc4218f48eea06d3e47e46537f9,success_rate_recent_100,500,1760343934926,0
single_R4.6.10_W2E4_T3.4_dangerous_20251013_162524,e8e28dc4218f48eea06d3e47e46537f9,success_rate_recent_100,1500,1760343948235,0.08
single_R4.6.10_W2E4_T3.4_dangerous_20251013_162524,e8e28dc4218f48eea06d3e47e46537f9,success_rate_recent_100,3000,1760343975206,0.03448275862069
single_R4.6.10_W2E4_T3.4_dangerous_20251013_162524,e8e28dc4218f48eea06d3e47e46537f9,success_rate_recent_100,4000,1760343996876,0.02247191011236
single_R4.6.10_W2E4_T3.4_dangerous_20251013_162524,e8e28dc4218f48eea06d3e47e46537f9,success_rate_recent_100,5500,1760344025383,0
single_R4.6.10_W2E4_T3.4_dangerous_20251013_162524,e8e28dc4218f48eea06d3e47e46537f9,success_rate_recent_100,6500,1760344046474,0
single_R4.6.10_W2E4_T3.4_dangerous_20251013_162524,e8e28dc4218f48eea06d3e47e46537f9,success_rate_recent_100,8000,1760344074143,0
single_R4.6.10_W2E4_T3.4_dangerous_20251013_162524,e8e28dc4218f48eea06d3e47e46537f9,success_rate_recent_100,9000,1760344090702,0
single_R4.6.10_W2E4_T3.4_dangerous_20251013_162524,e8e28dc4218f48eea06d3e47e46537f9,success_rate_recent_100,10500,1760344116019,0
single_R4.6.10_W2E4_T3.4_dangerous_20251013_162524,e8e28dc4218f48eea06d3e47e46537f9,success_rate_recent_100,11500,1760344132781,0
single_R4.6.10_W2E4_T3.4_dangerous_20251013_162524,e8e28dc4218f48eea06d3e47e46537f9,success_rate_recent_100,13000,1760344157648,0
single_R4.6.10_W2E4_T3.4_dangerous_20251013_162524,e8e28dc4218f48eea06d3e47e46537f9,success_rate_recent_100,14000,1760344174588,0
single_R4.6.10_W2E4_T3.4_dangerous_20251013_162524,e8e28dc4218f48eea06d3e47e46537f9,success_rate_recent_100,15500,1760344200278,0.01
single_R4.6.10_W2E4_T3.4_dangerous_20251013_162524,e8e28dc4218f48eea06d3e47e46537f9,success_rate_recent_100,16500,1760344216962,0.06
single_R4.6.10_W2E4_T3.4_dangerous_20251013_162524,e8e28dc4218f48eea06d3e47e46537f9,success_rate_recent_100,18000,1760344243364,0.14
single_R4.6.10_W2E4_T3.4_dangerous_20251013_162524,e8e28dc4218f48eea06d3e47e46537f9,success_rate_recent_100,19000,1760344261049,0.16
single_R4.6.10_W2E4_T3.4_dangerous_20251013_162524,e8e28dc4218f48eea06d3e47e46537f9,success_rate_recent_100,20500,1760344286838,0.16
single_R4.6.10_W2E4_T3.4_dangerous_20251013_162524,e8e28dc4218f48eea06d3e47e46537f9,success_rate_recent_100,21500,1760344303980,0.16
single_R4.6.10_W2E4_T3.4_dangerous_20251013_162524,e8e28dc4218f48eea06d3e47e46537f9,success_rate_recent_100,23000,1760344329409,0.22
single_R4.6.10_W2E4_T3.4_dangerous_20251013_162524,e8e28dc4218f48eea06d3e47e46537f9,success_rate_recent_100,24000,1760344346073,0.28
single_R4.6.10_W2E4_T3.4_dangerous_20251013_162524,e8e28dc4218f48eea06d3e47e46537f9,success_rate_recent_100,25500,1760344372018,0.34
single_R4.6.10_W2E4_T3.4_dangerous_20251013_162524,e8e28dc4218f48eea06d3e47e46537f9,success_rate_recent_100,26500,1760344389906,0.34
single_R4.6.10_W2E4_T3.4_dangerous_20251013_162524,e8e28dc4218f48eea06d3e47e46537f9,success_rate_recent_100,28000,1760344415674,0.29
single_R4.6.10_W2E4_T3.4_dangerous_20251013_162524,e8e28dc4218f48eea06d3e47e46537f9,success_rate_recent_100,29000,1760344432432,0.29
single_R4.6.10_W2E4_T3.4_dangerous_20251013_162524,e8e28dc4218f48eea06d3e47e46537f9,success_rate_recent_100,30500,1760344458231,0.36
single_R4.6.10_W2E4_T3.4_dangerous_20251013_162524,e8e28dc4218f48eea06d3e47e46537f9,success_rate_recent_100,31500,1760344475462,0.4
single_R4.6.10_W2E4_T3.4_dangerous_20251013_162524,e8e28dc4218f48eea06d3e47e46537f9,success_rate_recent_100,33000,1760344500326,0.5
single_R4.6.10_W2E4_T3.4_dangerous_20251013_162524,e8e28dc4218f48eea06d3e47e46537f9,success_rate_recent_100,34000,1760344518215,0.53
single_R4.6.10_W2E4_T3.4_dangerous_20251013_162524,e8e28dc4218f48eea06d3e47e46537f9,success_rate_recent_100,35500,1760344543735,0.55
single_R4.6.10_W2E4_T3.4_dangerous_20251013_162524,e8e28dc4218f48eea06d3e47e46537f9,success_rate_recent_100,36500,1760344560391,0.6
single_R4.6.10_W2E4_T3.4_dangerous_20251013_162524,e8e28dc4218f48eea06d3e47e46537f9,success_rate_recent_100,38000,1760344586115,0.67
single_R4.6.10_W2E4_T3.4_dangerous_20251013_162524,e8e28dc4218f48eea06d3e47e46537f9,success_rate_recent_100,39000,1760344603496,0.73
single_R4.6.10_W2E4_T3.4_dangerous_20251013_162524,e8e28dc4218f48eea06d3e47e46537f9,success_rate_recent_100,40500,1760344629482,0.81
single_R4.6.10_W2E4_T3.4_dangerous_20251013_162524,e8e28dc4218f48eea06d3e47e46537f9,success_rate_recent_100,41500,1760344646042,0.84
single_R4.6.10_W2E4_T3.4_dangerous_20251013_162524,e8e28dc4218f48eea06d3e47e46537f9,success_rate_recent_100,43000,1760344671964,0.91
single_R4.6.10_W2E4_T3.4_dangerous_20251013_162524,e8e28dc4218f48eea06d3e47e46537f9,success_rate_recent_100,44000,1760344689493,0.92
single_R4.6.10_W2E4_T3.4_dangerous_20251013_162524,e8e28dc4218f48eea06d3e47e46537f9,success_rate_recent_100,45500,1760344714627,0.92
single_R4.6.10_W2E4_T3.4_dangerous_20251013_162524,e8e28dc4218f48eea06d3e47e46537f9,success_rate_recent_100,46500,1760344732368,0.94
single_R4.6.10_W2E4_T3.4_dangerous_20251013_162524,e8e28dc4218f48eea06d3e47e46537f9,success_rate_recent_100,48000,1760344757964,0.97
single_R4.6.10_W2E4_T3.4_dangerous_20251013_162524,e8e28dc4218f48eea06d3e47e46537f9,success_rate_recent_100,49000,1760344774380,0.97
single_R4.6.10_W2E4_T3.4_dangerous_20251013_162524,e8e28dc4218f48eea06d3e47e46537f9,success_rate_recent_100,50500,1760344800121,0.98
single_R4.6.10_W2E4_T3.4_dangerous_20251013_162524,e8e28dc4218f48eea06d3e47e46537f9,success_rate_recent_100,51500,1760344817467,0.98
single_R4.6.10_W2E4_T3.4_dangerous_20251013_162524,e8e28dc4218f48eea06d3e47e46537f9,success_rate_recent_100,53000,1760344843076,0.98
single_R4.6.10_W2E4_T3.4_dangerous_20251013_162524,e8e28dc4218f48eea06d3e47e46537f9,success_rate_recent_100,54000,1760344859879,0.97
single_R4.6.10_W2E4_T3.4_dangerous_20251013_162524,e8e28dc4218f48eea06d3e47e46537f9,success_rate_recent_100,55500,1760344885786,0.98
single_R4.6.10_W2E4_T3.4_dangerous_20251013_162524,e8e28dc4218f48eea06d3e47e46537f9,success_rate_recent_100,56500,1760344902731,0.97
single_R4.6.10_W2E4_T3.4_dangerous_20251013_162524,e8e28dc4218f48eea06d3e47e46537f9,success_rate_recent_100,58000,1760344928237,0.97
single_R4.6.10_W2E4_T3.4_dangerous_20251013_162524,e8e28dc4218f48eea06d3e47e46537f9,success_rate_recent_100,59000,1760344945343,0.97
single_R4.6.10_W2E4_T3.4_dangerous_20251013_162524,e8e28dc4218f48eea06d3e47e46537f9,success_rate_recent_100,60500,1760344971370,0.96
single_R4.6.10_W2E4_T3.4_dangerous_20251013_162524,e8e28dc4218f48eea06d3e47e46537f9,success_rate_recent_100,61500,1760344987924,0.95
single_R4.6.10_W2E4_T3.4_dangerous_20251013_162524,e8e28dc4218f48eea06d3e47e46537f9,success_rate_recent_100,63000,1760345013996,0.94
single_R4.6.10_W2E4_T3.4_dangerous_20251013_162524,e8e28dc4218f48eea06d3e47e46537f9,success_rate_recent_100,64000,1760345031353,0.94
single_R4.6.10_W2E4_T3.4_dangerous_20251013_162524,e8e28dc4218f48eea06d3e47e46537f9,success_rate_recent_100,65500,1760345056899,0.93
single_R4.6.10_W2E4_T3.4_dangerous_20251013_162524,e8e28dc4218f48eea06d3e47e46537f9,success_rate_recent_100,66500,1760345073947,0.92
single_R4.6.10_W2E4_T3.4_dangerous_20251013_162524,e8e28dc4218f48eea06d3e47e46537f9,success_rate_recent_100,68000,1760345099436,0.94
single_R4.6.10_W2E4_T3.4_dangerous_20251013_162524,e8e28dc4218f48eea06d3e47e46537f9,success_rate_recent_100,69000,1760345116178,0.94
single_R4.6.10_W2E4_T3.4_dangerous_20251013_162524,e8e28dc4218f48eea06d3e47e46537f9,success_rate_recent_100,70500,1760345141678,0.95
single_R4.6.10_W2E4_T3.4_dangerous_20251013_162524,e8e28dc4218f48eea06d3e47e46537f9,success_rate_recent_100,71500,1760345158931,0.95
single_R4.6.10_W2E4_T3.4_dangerous_20251013_162524,e8e28dc4218f48eea06d3e47e46537f9,success_rate_recent_100,73000,1760345184683,0.96
single_R4.6.10_W2E4_T3.4_dangerous_20251013_162524,e8e28dc4218f48eea06d3e47e46537f9,success_rate_recent_100,74000,1760345201158,0.97
single_R4.6.10_W2E4_T3.4_dangerous_20251013_162524,e8e28dc4218f48eea06d3e47e46537f9,success_rate_recent_100,75500,1760345226747,0.97
single_R4.6.10_W2E4_T3.4_dangerous_20251013_162524,e8e28dc4218f48eea06d3e47e46537f9,success_rate_recent_100,76500,1760345244079,0.99
single_R4.6.10_W2E4_T3.4_dangerous_20251013_162524,e8e28dc4218f48eea06d3e47e46537f9,success_rate_recent_100,78000,1760345268919,0.98
single_R4.6.10_W2E4_T3.4_dangerous_20251013_162524,e8e28dc4218f48eea06d3e47e46537f9,success_rate_recent_100,79000,1760345286117,0.98
single_R4.6.10_W2E4_T3.4_dangerous_20251013_162524,e8e28dc4218f48eea06d3e47e46537f9,success_rate_recent_100,80500,1760345311829,0.98
single_R4.6.10_W2E4_T3.4_dangerous_20251013_162524,e8e28dc4218f48eea06d3e47e46537f9,success_rate_recent_100,81500,1760345328294,0.98
single_R4.6.10_W2E4_T3.4_dangerous_20251013_162524,e8e28dc4218f48eea06d3e47e46537f9,success_rate_recent_100,83000,1760345353888,0.98
single_R4.6.10_W2E4_T3.4_dangerous_20251013_162524,e8e28dc4218f48eea06d3e47e46537f9,success_rate_recent_100,84000,1760345371214,0.97
single_R4.6.10_W2E4_T3.4_dangerous_20251013_162524,e8e28dc4218f48eea06d3e47e46537f9,success_rate_recent_100,85500,1760345396188,0.97
single_R4.6.10_W2E4_T3.4_dangerous_20251013_162524,e8e28dc4218f48eea06d3e47e46537f9,success_rate_recent_100,86500,1760345413147,0.97
single_R4.6.10_W2E4_T3.4_dangerous_20251013_162524,e8e28dc4218f48eea06d3e47e46537f9,success_rate_recent_100,88000,1760345438707,0.97
single_R4.6.10_W2E4_T3.4_dangerous_20251013_162524,e8e28dc4218f48eea06d3e47e46537f9,success_rate_recent_100,89000,1760345455424,0.98
single_R4.6.10_W2E4_T3.4_dangerous_20251013_162524,e8e28dc4218f48eea06d3e47e46537f9,success_rate_recent_100,90500,1760345480800,0.99
single_R4.6.10_W2E4_T3.4_dangerous_20251013_162524,e8e28dc4218f48eea06d3e47e46537f9,success_rate_recent_100,91500,1760345498057,0.99
single_R4.6.10_W2E4_T3.4_dangerous_20251013_162524,e8e28dc4218f48eea06d3e47e46537f9,success_rate_recent_100,93000,1760345523620,0.97
single_R4.6.10_W2E4_T3.4_dangerous_20251013_162524,e8e28dc4218f48eea06d3e47e46537f9,success_rate_recent_100,94000,1760345540005,0.97
single_R4.6.10_W2E4_T3.4_dangerous_20251013_162524,e8e28dc4218f48eea06d3e47e46537f9,success_rate_recent_100,95500,1760345565926,0.98
single_R4.6.10_W2E4_T3.4_dangerous_20251013_162524,e8e28dc4218f48eea06d3e47e46537f9,success_rate_recent_100,96500,1760345585348,0.98
single_R4.6.10_W2E4_T3.4_dangerous_20251013_162524,e8e28dc4218f48eea06d3e47e46537f9,success_rate_recent_100,98000,1760345610754,0.98
single_R4.6.10_W2E4_T3.4_dangerous_20251013_162524,e8e28dc4218f48eea06d3e47e46537f9,success_rate_recent_100,99000,1760345628076,0.97
single_R4.6.10_W2E4_T3.4_dangerous_20251013_162524,e8e28dc4218f48eea06d3e47e46537f9,success_rate_recent_100,100500,1760345653315,0.96
single_R4.6.10_W2E4_T3.4_dangerous_20251013_162524,e8e28dc4218f48eea06d3e47e46537f9,success_rate_recent_100,101500,1760345669824,0.94
single_R4.6.10_W2E4_T3.4_dangerous_20251013_162524,e8e28dc4218f48eea06d3e47e46537f9,success_rate_recent_100,103000,1760345695237,0.94
single_R4.6.10_W2E4_T3.4_dangerous_20251013_162524,e8e28dc4218f48eea06d3e47e46537f9,success_rate_recent_100,104000,1760345712272,0.95
single_R4.6.10_W2E4_T3.4_dangerous_20251013_162524,e8e28dc4218f48eea06d3e47e46537f9,success_rate_recent_100,105500,1760345737584,0.96
single_R4.6.10_W2E4_T3.4_dangerous_20251013_162524,e8e28dc4218f48eea06d3e47e46537f9,success_rate_recent_100,106500,1760345754516,0.96
single_R4.6.10_W2E4_T3.4_dangerous_20251013_162524,e8e28dc4218f48eea06d3e47e46537f9,success_rate_recent_100,108000,1760345779733,0.96
single_R4.6.10_W2E4_T3.4_dangerous_20251013_162524,e8e28dc4218f48eea06d3e47e46537f9,success_rate_recent_100,109000,1760345796173,0.96
single_R4.6.10_W2E4_T3.4_dangerous_20251013_162524,e8e28dc4218f48eea06d3e47e46537f9,success_rate_recent_100,110500,1760345821413,0.97
single_R4.6.10_W2E4_T3.4_dangerous_20251013_162524,e8e28dc4218f48eea06d3e47e46537f9,success_rate_recent_100,111500,1760345838556,0.98
single_R4.6.10_W2E4_T3.4_dangerous_20251013_162524,e8e28dc4218f48eea06d3e47e46537f9,success_rate_recent_100,113000,1760345863554,1
single_R4.6.10_W2E4_T3.4_dangerous_20251013_162524,e8e28dc4218f48eea06d3e47e46537f9,success_rate_recent_100,114000,1760345880132,1
single_R4.6.10_W2E4_T3.4_dangerous_20251013_162524,e8e28dc4218f48eea06d3e47e46537f9,success_rate_recent_100,115500,1760345905566,1
single_R4.6.10_W2E4_T3.4_dangerous_20251013_162524,e8e28dc4218f48eea06d3e47e46537f9,success_rate_recent_100,116500,1760345922305,1
single_R4.6.10_W2E4_T3.4_dangerous_20251013_162524,e8e28dc4218f48eea06d3e47e46537f9,success_rate_recent_100,118000,1760345947500,0.98
single_R4.6.10_W2E4_T3.4_dangerous_20251013_162524,e8e28dc4218f48eea06d3e47e46537f9,success_rate_recent_100,119000,1760345964761,0.97
single_R4.6.10_W2E4_T3.4_dangerous_20251013_162524,e8e28dc4218f48eea06d3e47e46537f9,success_rate_recent_100,120500,1760345989899,0.96
single_R4.6.10_W2E4_T3.4_dangerous_20251013_162524,e8e28dc4218f48eea06d3e47e46537f9,success_rate_recent_100,121500,1760346006258,0.96
single_R4.6.10_W2E4_T3.4_dangerous_20251013_162524,e8e28dc4218f48eea06d3e47e46537f9,success_rate_recent_100,123000,1760346031301,0.95
single_R4.6.10_W2E4_T3.4_dangerous_20251013_162524,e8e28dc4218f48eea06d3e47e46537f9,success_rate_recent_100,124000,1760346048167,0.95
single_R4.6.10_W2E4_T3.4_dangerous_20251013_162524,e8e28dc4218f48eea06d3e47e46537f9,success_rate_recent_100,125500,1760346074398,0.95
single_R4.6.10_W2E4_T3.4_dangerous_20251013_162524,e8e28dc4218f48eea06d3e47e46537f9,success_rate_recent_100,126500,1760346092060,0.95
single_R4.6.10_W2E4_T3.4_dangerous_20251013_162524,e8e28dc4218f48eea06d3e47e46537f9,success_rate_recent_100,128000,1760346117291,0.95
single_R4.6.10_W2E4_T3.4_dangerous_20251013_162524,e8e28dc4218f48eea06d3e47e46537f9,success_rate_recent_100,129000,1760346133520,0.95
single_R4.6.10_W2E4_T3.4_dangerous_20251013_162524,e8e28dc4218f48eea06d3e47e46537f9,success_rate_recent_100,130500,1760346159114,0.97
single_R4.6.10_W2E4_T3.4_dangerous_20251013_162524,e8e28dc4218f48eea06d3e47e46537f9,success_rate_recent_100,131500,1760346176701,0.98
single_R4.6.10_W2E4_T3.4_dangerous_20251013_162524,e8e28dc4218f48eea06d3e47e46537f9,success_rate_recent_100,133000,1760346207021,0.98
single_R4.6.10_W2E4_T3.4_dangerous_20251013_162524,e8e28dc4218f48eea06d3e47e46537f9,success_rate_recent_100,134000,1760346227595,0.98
single_R4.6.10_W2E4_T3.4_dangerous_20251013_162524,e8e28dc4218f48eea06d3e47e46537f9,success_rate_recent_100,135500,1760346260697,0.99
single_R4.6.10_W2E4_T3.4_dangerous_20251013_162524,e8e28dc4218f48eea06d3e47e46537f9,success_rate_recent_100,136500,1760346277459,0.99
single_R4.6.10_W2E4_T3.4_dangerous_20251013_162524,e8e28dc4218f48eea06d3e47e46537f9,success_rate_recent_100,138000,1760346307189,0.99
single_R4.6.10_W2E4_T3.4_dangerous_20251013_162524,e8e28dc4218f48eea06d3e47e46537f9,success_rate_recent_100,139000,1760346327846,0.99
single_R4.6.10_W2E4_T3.4_dangerous_20251013_162524,e8e28dc4218f48eea06d3e47e46537f9,success_rate_recent_100,140500,1760346357448,1
single_R4.6.10_W2E4_T3.4_dangerous_20251013_162524,e8e28dc4218f48eea06d3e47e46537f9,success_rate_recent_100,141500,1760346378035,1
single_R4.6.10_W2E4_T3.4_dangerous_20251013_162524,e8e28dc4218f48eea06d3e47e46537f9,success_rate_recent_100,143000,1760346406071,1
single_R4.6.10_W2E4_T3.4_dangerous_20251013_162524,e8e28dc4218f48eea06d3e47e46537f9,success_rate_recent_100,144000,1760346422647,1
single_R4.6.10_W2E4_T3.4_dangerous_20251013_162524,e8e28dc4218f48eea06d3e47e46537f9,success_rate_recent_100,145500,1760346450584,1
single_R4.6.10_W2E4_T3.4_dangerous_20251013_162524,e8e28dc4218f48eea06d3e47e46537f9,success_rate_recent_100,146500,1760346471054,1
single_R4.6.10_W2E4_T3.4_dangerous_20251013_162524,e8e28dc4218f48eea06d3e47e46537f9,success_rate_recent_100,148000,1760346500081,1
single_R4.6.10_W2E4_T3.4_dangerous_20251013_162524,e8e28dc4218f48eea06d3e47e46537f9,success_rate_recent_100,149000,1760346517322,1
single_R4.6.10_W2E4_T3.4_dangerous_20251013_162524,e8e28dc4218f48eea06d3e47e46537f9,success_rate_recent_100,150500,1760346544450,1
single_R4.6.10_W2E4_T3.4_dangerous_20251013_162524,e8e28dc4218f48eea06d3e47e46537f9,success_rate_recent_100,151500,1760346563112,1
single_R4.6.10_W2E4_T3.4_dangerous_20251013_162524,e8e28dc4218f48eea06d3e47e46537f9,success_rate_recent_100,153000,1760346589371,1
single_R4.6.10_W2E4_T3.4_dangerous_20251013_162524,e8e28dc4218f48eea06d3e47e46537f9,success_rate_recent_100,154000,1760346608740,1
single_R4.6.10_W2E4_T3.4_dangerous_20251013_162524,e8e28dc4218f48eea06d3e47e46537f9,success_rate_recent_100,155500,1760346633692,1
single_R4.6.10_W2E4_T3.4_dangerous_20251013_162524,e8e28dc4218f48eea06d3e47e46537f9,success_rate_recent_100,156500,1760346649609,1
single_R4.6.10_W2E4_T3.4_dangerous_20251013_162524,e8e28dc4218f48eea06d3e47e46537f9,success_rate_recent_100,158000,1760346673622,1
single_R4.6.10_W2E4_T3.4_dangerous_20251013_162524,e8e28dc4218f48eea06d3e47e46537f9,success_rate_recent_100,159000,1760346689590,1
single_R4.6.10_W2E4_T3.4_dangerous_20251013_162524,e8e28dc4218f48eea06d3e47e46537f9,success_rate_recent_100,160000,1760346705705,1
single_R4.6.10_W2E4_T6.1_normal_20251009_221340,28d66e4317db4f669af5d1687c0840a8,success_rate_recent_100,500,1760019231263,0
single_R4.6.10_W2E4_T6.1_normal_20251009_221340,28d66e4317db4f669af5d1687c0840a8,success_rate_recent_100,1500,1760019242154,0.045454545454546
single_R4.6.10_W2E4_T6.1_normal_20251009_221340,28d66e4317db4f669af5d1687c0840a8,success_rate_recent_100,3000,1760019264524,0.127659574468085
single_R4.6.10_W2E4_T6.1_normal_20251009_221340,28d66e4317db4f669af5d1687c0840a8,success_rate_recent_100,4000,1760019281315,0.134615384615385
single_R4.6.10_W2E4_T6.1_normal_20251009_221340,28d66e4317db4f669af5d1687c0840a8,success_rate_recent_100,5500,1760019307084,0.184615384615385
single_R4.6.10_W2E4_T6.1_normal_20251009_221340,28d66e4317db4f669af5d1687c0840a8,success_rate_recent_100,6500,1760019322612,0.188405797101449
single_R4.6.10_W2E4_T6.1_normal_20251009_221340,28d66e4317db4f669af5d1687c0840a8,success_rate_recent_100,8000,1760019347141,0.227848101265823
single_R4.6.10_W2E4_T6.1_normal_20251009_221340,28d66e4317db4f669af5d1687c0840a8,success_rate_recent_100,9000,1760019362113,0.261363636363636
single_R4.6.10_W2E4_T6.1_normal_20251009_221340,28d66e4317db4f669af5d1687c0840a8,success_rate_recent_100,10500,1760019384997,0.32
single_R4.6.10_W2E4_T6.1_normal_20251009_221340,28d66e4317db4f669af5d1687c0840a8,success_rate_recent_100,11500,1760019399695,0.38
single_R4.6.10_W2E4_T6.1_normal_20251009_221340,28d66e4317db4f669af5d1687c0840a8,success_rate_recent_100,13000,1760019423362,0.45
single_R4.6.10_W2E4_T6.1_normal_20251009_221340,28d66e4317db4f669af5d1687c0840a8,success_rate_recent_100,14000,1760019438642,0.5
single_R4.6.10_W2E4_T6.1_normal_20251009_221340,28d66e4317db4f669af5d1687c0840a8,success_rate_recent_100,15500,1760019460860,0.53
single_R4.6.10_W2E4_T6.1_normal_20251009_221340,28d66e4317db4f669af5d1687c0840a8,success_rate_recent_100,16500,1760019475732,0.54
single_R4.6.10_W2E4_T6.1_normal_20251009_221340,28d66e4317db4f669af5d1687c0840a8,success_rate_recent_100,18000,1760019501206,0.53
single_R4.6.10_W2E4_T6.1_normal_20251009_221340,28d66e4317db4f669af5d1687c0840a8,success_rate_recent_100,19000,1760019516800,0.55
single_R4.6.10_W2E4_T6.1_normal_20251009_221340,28d66e4317db4f669af5d1687c0840a8,success_rate_recent_100,20500,1760019539290,0.53
single_R4.6.10_W2E4_T6.1_normal_20251009_221340,28d66e4317db4f669af5d1687c0840a8,success_rate_recent_100,21500,1760019554343,0.52
single_R4.6.10_W2E4_T6.1_normal_20251009_221340,28d66e4317db4f669af5d1687c0840a8,success_rate_recent_100,23000,1760019580026,0.5
single_R4.6.10_W2E4_T6.1_normal_20251009_221340,28d66e4317db4f669af5d1687c0840a8,success_rate_recent_100,24000,1760019596868,0.48
single_R4.6.10_W2E4_T6.1_normal_20251009_221340,28d66e4317db4f669af5d1687c0840a8,success_rate_recent_100,25500,1760019620700,0.48
single_R4.6.10_W2E4_T6.1_normal_20251009_221340,28d66e4317db4f669af5d1687c0840a8,success_rate_recent_100,26500,1760019635842,0.49
single_R4.6.10_W2E4_T6.1_normal_20251009_221340,28d66e4317db4f669af5d1687c0840a8,success_rate_recent_100,28000,1760019658249,0.52
single_R4.6.10_W2E4_T6.1_normal_20251009_221340,28d66e4317db4f669af5d1687c0840a8,success_rate_recent_100,29000,1760019674331,0.55
single_R4.6.10_W2E4_T6.1_normal_20251009_221340,28d66e4317db4f669af5d1687c0840a8,success_rate_recent_100,30500,1760019696339,0.59
single_R4.6.10_W2E4_T6.1_normal_20251009_221340,28d66e4317db4f669af5d1687c0840a8,success_rate_recent_100,31500,1760019710442,0.59
single_R4.6.10_W2E4_T6.1_normal_20251009_221340,28d66e4317db4f669af5d1687c0840a8,success_rate_recent_100,33000,1760019732912,0.63
single_R4.6.10_W2E4_T6.1_normal_20251009_221340,28d66e4317db4f669af5d1687c0840a8,success_rate_recent_100,34000,1760019747770,0.62
single_R4.6.10_W2E4_T6.1_normal_20251009_221340,28d66e4317db4f669af5d1687c0840a8,success_rate_recent_100,35500,1760019768806,0.64
single_R4.6.10_W2E4_T6.1_normal_20251009_221340,28d66e4317db4f669af5d1687c0840a8,success_rate_recent_100,36500,1760019782542,0.65
single_R4.6.10_W2E4_T6.1_normal_20251009_221340,28d66e4317db4f669af5d1687c0840a8,success_rate_recent_100,38000,1760019803276,0.67
single_R4.6.10_W2E4_T6.1_normal_20251009_221340,28d66e4317db4f669af5d1687c0840a8,success_rate_recent_100,39000,1760019817059,0.65
single_R4.6.10_W2E4_T6.1_normal_20251009_221340,28d66e4317db4f669af5d1687c0840a8,success_rate_recent_100,40500,1760019838343,0.65
single_R4.6.10_W2E4_T6.1_normal_20251009_221340,28d66e4317db4f669af5d1687c0840a8,success_rate_recent_100,41500,1760019852292,0.62
single_R4.6.10_W2E4_T6.1_normal_20251009_221340,28d66e4317db4f669af5d1687c0840a8,success_rate_recent_100,43000,1760019872222,0.6
single_R4.6.10_W2E4_T6.1_normal_20251009_221340,28d66e4317db4f669af5d1687c0840a8,success_rate_recent_100,44000,1760019886892,0.6
single_R4.6.10_W2E4_T6.1_normal_20251009_221340,28d66e4317db4f669af5d1687c0840a8,success_rate_recent_100,45500,1760019907903,0.58
single_R4.6.10_W2E4_T6.1_normal_20251009_221340,28d66e4317db4f669af5d1687c0840a8,success_rate_recent_100,46500,1760019922036,0.6
single_R4.6.10_W2E4_T6.1_normal_20251009_221340,28d66e4317db4f669af5d1687c0840a8,success_rate_recent_100,48000,1760019942967,0.6
single_R4.6.10_W2E4_T6.1_normal_20251009_221340,28d66e4317db4f669af5d1687c0840a8,success_rate_recent_100,49000,1760019957524,0.61
single_R4.6.10_W2E4_T6.1_normal_20251009_221340,28d66e4317db4f669af5d1687c0840a8,success_rate_recent_100,50500,1760019978903,0.64
single_R4.6.10_W2E4_T6.1_normal_20251009_221340,28d66e4317db4f669af5d1687c0840a8,success_rate_recent_100,51500,1760019992978,0.65
single_R4.6.10_W2E4_T6.1_normal_20251009_221340,28d66e4317db4f669af5d1687c0840a8,success_rate_recent_100,53000,1760020014125,0.67
single_R4.6.10_W2E4_T6.1_normal_20251009_221340,28d66e4317db4f669af5d1687c0840a8,success_rate_recent_100,54000,1760020027976,0.68
single_R4.6.10_W2E4_T6.1_normal_20251009_221340,28d66e4317db4f669af5d1687c0840a8,success_rate_recent_100,55500,1760020050398,0.76
single_R4.6.10_W2E4_T6.1_normal_20251009_221340,28d66e4317db4f669af5d1687c0840a8,success_rate_recent_100,56500,1760020064458,0.8
single_R4.6.10_W2E4_T6.1_normal_20251009_221340,28d66e4317db4f669af5d1687c0840a8,success_rate_recent_100,58000,1760020085418,0.79
single_R4.6.10_W2E4_T6.1_normal_20251009_221340,28d66e4317db4f669af5d1687c0840a8,success_rate_recent_100,59000,1760020099763,0.81
single_R4.6.10_W2E4_T6.1_normal_20251009_221340,28d66e4317db4f669af5d1687c0840a8,success_rate_recent_100,60500,1760020121110,0.81
single_R4.6.10_W2E4_T6.1_normal_20251009_221340,28d66e4317db4f669af5d1687c0840a8,success_rate_recent_100,61500,1760020135535,0.8
single_R4.6.10_W2E4_T6.1_normal_20251009_221340,28d66e4317db4f669af5d1687c0840a8,success_rate_recent_100,63000,1760020156379,0.79
single_R4.6.10_W2E4_T6.1_normal_20251009_221340,28d66e4317db4f669af5d1687c0840a8,success_rate_recent_100,64000,1760020170604,0.75
single_R4.6.10_W2E4_T6.1_normal_20251009_221340,28d66e4317db4f669af5d1687c0840a8,success_rate_recent_100,65500,1760020192070,0.77
single_R4.6.10_W2E4_T6.1_normal_20251009_221340,28d66e4317db4f669af5d1687c0840a8,success_rate_recent_100,66500,1760020205966,0.76
single_R4.6.10_W2E4_T6.1_normal_20251009_221340,28d66e4317db4f669af5d1687c0840a8,success_rate_recent_100,68000,1760020227694,0.77
single_R4.6.10_W2E4_T6.1_normal_20251009_221340,28d66e4317db4f669af5d1687c0840a8,success_rate_recent_100,69000,1760020241835,0.8
single_R4.6.10_W2E4_T6.1_normal_20251009_221340,28d66e4317db4f669af5d1687c0840a8,success_rate_recent_100,70500,1760020263039,0.81
single_R4.6.10_W2E4_T6.1_normal_20251009_221340,28d66e4317db4f669af5d1687c0840a8,success_rate_recent_100,71500,1760020277354,0.83
single_R4.6.10_W2E4_T6.1_normal_20251009_221340,28d66e4317db4f669af5d1687c0840a8,success_rate_recent_100,73000,1760020299314,0.87
single_R4.6.10_W2E4_T6.1_normal_20251009_221340,28d66e4317db4f669af5d1687c0840a8,success_rate_recent_100,74000,1760020314005,0.91
single_R4.6.10_W2E4_T6.1_normal_20251009_221340,28d66e4317db4f669af5d1687c0840a8,success_rate_recent_100,75500,1760020335509,0.94
single_R4.6.10_W2E4_T6.1_normal_20251009_221340,28d66e4317db4f669af5d1687c0840a8,success_rate_recent_100,76500,1760020350015,0.95
single_R4.6.10_W2E4_T6.1_normal_20251009_221340,28d66e4317db4f669af5d1687c0840a8,success_rate_recent_100,78000,1760020371340,0.96
single_R4.6.10_W2E4_T6.1_normal_20251009_221340,28d66e4317db4f669af5d1687c0840a8,success_rate_recent_100,79000,1760020386008,0.97
single_R4.6.10_W2E4_T6.1_normal_20251009_221340,28d66e4317db4f669af5d1687c0840a8,success_rate_recent_100,80500,1760020407721,0.99
single_R4.6.10_W2E4_T6.1_normal_20251009_221340,28d66e4317db4f669af5d1687c0840a8,success_rate_recent_100,81500,1760020421914,0.98
single_R4.6.10_W2E4_T6.1_normal_20251009_221340,28d66e4317db4f669af5d1687c0840a8,success_rate_recent_100,83000,1760020443579,0.97
single_R4.6.10_W2E4_T6.1_normal_20251009_221340,28d66e4317db4f669af5d1687c0840a8,success_rate_recent_100,84000,1760020458201,0.97
single_R4.6.10_W2E4_T6.1_normal_20251009_221340,28d66e4317db4f669af5d1687c0840a8,success_rate_recent_100,85500,1760020479407,0.95
single_R4.6.10_W2E4_T6.1_normal_20251009_221340,28d66e4317db4f669af5d1687c0840a8,success_rate_recent_100,86500,1760020494164,0.94
single_R4.6.10_W2E4_T6.1_normal_20251009_221340,28d66e4317db4f669af5d1687c0840a8,success_rate_recent_100,88000,1760020516155,0.94
single_R4.6.10_W2E4_T6.1_normal_20251009_221340,28d66e4317db4f669af5d1687c0840a8,success_rate_recent_100,89000,1760020530805,0.93
single_R4.6.10_W2E4_T6.1_normal_20251009_221340,28d66e4317db4f669af5d1687c0840a8,success_rate_recent_100,90500,1760020552482,0.94
single_R4.6.10_W2E4_T6.1_normal_20251009_221340,28d66e4317db4f669af5d1687c0840a8,success_rate_recent_100,91500,1760020567655,0.95
single_R4.6.10_W2E4_T6.1_normal_20251009_221340,28d66e4317db4f669af5d1687c0840a8,success_rate_recent_100,93000,1760020589253,0.96
single_R4.6.10_W2E4_T6.1_normal_20251009_221340,28d66e4317db4f669af5d1687c0840a8,success_rate_recent_100,94000,1760020603374,0.95
single_R4.6.10_W2E4_T6.1_normal_20251009_221340,28d66e4317db4f669af5d1687c0840a8,success_rate_recent_100,95500,1760020624697,0.97
single_R4.6.10_W2E4_T6.1_normal_20251009_221340,28d66e4317db4f669af5d1687c0840a8,success_rate_recent_100,96500,1760020639302,0.96
single_R4.6.10_W2E4_T6.1_normal_20251009_221340,28d66e4317db4f669af5d1687c0840a8,success_rate_recent_100,98000,1760020661095,0.96
single_R4.6.10_W2E4_T6.1_normal_20251009_221340,28d66e4317db4f669af5d1687c0840a8,success_rate_recent_100,99000,1760020675558,0.96
single_R4.6.10_W2E4_T6.1_normal_20251009_221340,28d66e4317db4f669af5d1687c0840a8,success_rate_recent_100,100500,1760020697617,0.94
single_R4.6.10_W2E4_T6.1_normal_20251009_221340,28d66e4317db4f669af5d1687c0840a8,success_rate_recent_100,101500,1760020712067,0.91
single_R4.6.10_W2E4_T6.1_normal_20251009_221340,28d66e4317db4f669af5d1687c0840a8,success_rate_recent_100,103000,1760020734173,0.9
single_R4.6.10_W2E4_T6.1_normal_20251009_221340,28d66e4317db4f669af5d1687c0840a8,success_rate_recent_100,104000,1760020749057,0.91
single_R4.6.10_W2E4_T6.1_normal_20251009_221340,28d66e4317db4f669af5d1687c0840a8,success_rate_recent_100,105500,1760020771068,0.9
single_R4.6.10_W2E4_T6.1_normal_20251009_221340,28d66e4317db4f669af5d1687c0840a8,success_rate_recent_100,106500,1760020785826,0.89
single_R4.6.10_W2E4_T6.1_normal_20251009_221340,28d66e4317db4f669af5d1687c0840a8,success_rate_recent_100,108000,1760020807565,0.88
single_R4.6.10_W2E4_T6.1_normal_20251009_221340,28d66e4317db4f669af5d1687c0840a8,success_rate_recent_100,109000,1760020822562,0.89
single_R4.6.10_W2E4_T6.1_normal_20251009_221340,28d66e4317db4f669af5d1687c0840a8,success_rate_recent_100,110500,1760020844471,0.93
single_R4.6.10_W2E4_T6.1_normal_20251009_221340,28d66e4317db4f669af5d1687c0840a8,success_rate_recent_100,111500,1760020859153,0.94
single_R4.6.10_W2E4_T6.1_normal_20251009_221340,28d66e4317db4f669af5d1687c0840a8,success_rate_recent_100,113000,1760020881052,0.94
single_R4.6.10_W2E4_T6.1_normal_20251009_221340,28d66e4317db4f669af5d1687c0840a8,success_rate_recent_100,114000,1760020895584,0.97
single_R4.6.10_W2E4_T6.1_normal_20251009_221340,28d66e4317db4f669af5d1687c0840a8,success_rate_recent_100,115500,1760020917522,0.97
single_R4.6.10_W2E4_T6.1_normal_20251009_221340,28d66e4317db4f669af5d1687c0840a8,success_rate_recent_100,116500,1760020931893,0.99
single_R4.6.10_W2E4_T6.1_normal_20251009_221340,28d66e4317db4f669af5d1687c0840a8,success_rate_recent_100,118000,1760020953719,0.98
single_R4.6.10_W2E4_T6.1_normal_20251009_221340,28d66e4317db4f669af5d1687c0840a8,success_rate_recent_100,119000,1760020968505,0.97
single_R4.6.10_W2E4_T6.1_normal_20251009_221340,28d66e4317db4f669af5d1687c0840a8,success_rate_recent_100,120500,1760020989942,0.96
single_R4.6.10_W2E4_T6.1_normal_20251009_221340,28d66e4317db4f669af5d1687c0840a8,success_rate_recent_100,121500,1760021004585,0.96
single_R4.6.10_W2E4_T6.1_normal_20251009_221340,28d66e4317db4f669af5d1687c0840a8,success_rate_recent_100,123000,1760021026342,0.95
single_R4.6.10_W2E4_T6.1_normal_20251009_221340,28d66e4317db4f669af5d1687c0840a8,success_rate_recent_100,124000,1760021041048,0.95
single_R4.6.10_W2E4_T6.1_normal_20251009_221340,28d66e4317db4f669af5d1687c0840a8,success_rate_recent_100,125500,1760021062692,0.95
single_R4.6.10_W2E4_T6.1_normal_20251009_221340,28d66e4317db4f669af5d1687c0840a8,success_rate_recent_100,126500,1760021076883,0.95
single_R4.6.10_W2E4_T6.1_normal_20251009_221340,28d66e4317db4f669af5d1687c0840a8,success_rate_recent_100,128000,1760021098582,0.96
single_R4.6.10_W2E4_T6.1_normal_20251009_221340,28d66e4317db4f669af5d1687c0840a8,success_rate_recent_100,129000,1760021112891,0.96
single_R4.6.10_W2E4_T6.1_normal_20251009_221340,28d66e4317db4f669af5d1687c0840a8,success_rate_recent_100,130500,1760021134565,0.95
single_R4.6.10_W2E4_T6.1_normal_20251009_221340,28d66e4317db4f669af5d1687c0840a8,success_rate_recent_100,131500,1760021148934,0.94
single_R4.6.10_W2E4_T6.1_normal_20251009_221340,28d66e4317db4f669af5d1687c0840a8,success_rate_recent_100,133000,1760021170249,0.94
single_R4.6.10_W2E4_T6.1_normal_20251009_221340,28d66e4317db4f669af5d1687c0840a8,success_rate_recent_100,134000,1760021184619,0.94
single_R4.6.10_W2E4_T6.1_normal_20251009_221340,28d66e4317db4f669af5d1687c0840a8,success_rate_recent_100,135500,1760021206021,0.92
single_R4.6.10_W2E4_T6.1_normal_20251009_221340,28d66e4317db4f669af5d1687c0840a8,success_rate_recent_100,136500,1760021220487,0.92
single_R4.6.10_W2E4_T6.1_normal_20251009_221340,28d66e4317db4f669af5d1687c0840a8,success_rate_recent_100,138000,1760021242341,0.91
single_R4.6.10_W2E4_T6.1_normal_20251009_221340,28d66e4317db4f669af5d1687c0840a8,success_rate_recent_100,139000,1760021256448,0.93
single_R4.6.10_W2E4_T6.1_normal_20251009_221340,28d66e4317db4f669af5d1687c0840a8,success_rate_recent_100,140500,1760021278092,0.93
single_R4.6.10_W2E4_T6.1_normal_20251009_221340,28d66e4317db4f669af5d1687c0840a8,success_rate_recent_100,141500,1760021292226,0.93
single_R4.6.10_W2E4_T6.1_normal_20251009_221340,28d66e4317db4f669af5d1687c0840a8,success_rate_recent_100,143000,1760021315339,0.93
single_R4.6.10_W2E4_T6.1_normal_20251009_221340,28d66e4317db4f669af5d1687c0840a8,success_rate_recent_100,144000,1760021334415,0.94
single_R4.6.10_W2E4_T6.1_normal_20251009_221340,28d66e4317db4f669af5d1687c0840a8,success_rate_recent_100,145500,1760021362336,0.96
single_R4.6.10_W2E4_T6.1_normal_20251009_221340,28d66e4317db4f669af5d1687c0840a8,success_rate_recent_100,146500,1760021378468,0.97
single_R4.6.10_W2E4_T6.1_normal_20251009_221340,28d66e4317db4f669af5d1687c0840a8,success_rate_recent_100,148000,1760021403811,0.96
single_R4.6.10_W2E4_T6.1_normal_20251009_221340,28d66e4317db4f669af5d1687c0840a8,success_rate_recent_100,149000,1760021421303,0.94
single_R4.6.10_W2E4_T1.1_normal_20251009_140345,5eb4cd32a7c744d89f301e6eb9fd54cd,success_rate_recent_100,500,1759989839870,0
single_R4.6.10_W2E4_T1.1_normal_20251009_140345,5eb4cd32a7c744d89f301e6eb9fd54cd,success_rate_recent_100,1500,1759989855932,0
single_R4.6.10_W2E4_T1.1_normal_20251009_140345,5eb4cd32a7c744d89f301e6eb9fd54cd,success_rate_recent_100,3000,1759989890004,0.05
single_R4.6.10_W2E4_T1.1_normal_20251009_140345,5eb4cd32a7c744d89f301e6eb9fd54cd,success_rate_recent_100,4000,1759989910702,0.065789473684211
single_R4.6.10_W2E4_T1.1_normal_20251009_140345,5eb4cd32a7c744d89f301e6eb9fd54cd,success_rate_recent_100,5500,1759989938125,0.054945054945055
single_R4.6.10_W2E4_T1.1_normal_20251009_140345,5eb4cd32a7c744d89f301e6eb9fd54cd,success_rate_recent_100,6500,1759989956483,0.07
single_R4.6.10_W2E4_T1.1_normal_20251009_140345,5eb4cd32a7c744d89f301e6eb9fd54cd,success_rate_recent_100,8000,1759989981779,0.08
single_R4.6.10_W2E4_T1.1_normal_20251009_140345,5eb4cd32a7c744d89f301e6eb9fd54cd,success_rate_recent_100,9000,1759990000881,0.1
single_R4.6.10_W2E4_T1.1_normal_20251009_140345,5eb4cd32a7c744d89f301e6eb9fd54cd,success_rate_recent_100,10500,1759990030275,0.13
single_R4.6.10_W2E4_T1.1_normal_20251009_140345,5eb4cd32a7c744d89f301e6eb9fd54cd,success_rate_recent_100,11500,1759990051011,0.15
single_R4.6.10_W2E4_T1.1_normal_20251009_140345,5eb4cd32a7c744d89f301e6eb9fd54cd,success_rate_recent_100,13000,1759990081417,0.23
single_R4.6.10_W2E4_T1.1_normal_20251009_140345,5eb4cd32a7c744d89f301e6eb9fd54cd,success_rate_recent_100,14000,1759990099301,0.24
single_R4.6.10_W2E4_T1.1_normal_20251009_140345,5eb4cd32a7c744d89f301e6eb9fd54cd,success_rate_recent_100,15500,1759990132616,0.33
single_R4.6.10_W2E4_T1.1_normal_20251009_140345,5eb4cd32a7c744d89f301e6eb9fd54cd,success_rate_recent_100,16500,1759990151690,0.39
single_R4.6.10_W2E4_T1.1_normal_20251009_140345,5eb4cd32a7c744d89f301e6eb9fd54cd,success_rate_recent_100,18000,1759990181903,0.42
single_R4.6.10_W2E4_T1.1_normal_20251009_140345,5eb4cd32a7c744d89f301e6eb9fd54cd,success_rate_recent_100,19000,1759990200599,0.41
single_R4.6.10_W2E4_T1.1_normal_20251009_140345,5eb4cd32a7c744d89f301e6eb9fd54cd,success_rate_recent_100,20500,1759990231404,0.42
single_R4.6.10_W2E4_T1.1_normal_20251009_140345,5eb4cd32a7c744d89f301e6eb9fd54cd,success_rate_recent_100,21500,1759990252524,0.44
single_R4.6.10_W2E4_T1.1_normal_20251009_140345,5eb4cd32a7c744d89f301e6eb9fd54cd,success_rate_recent_100,23000,1759990285628,0.46
single_R4.6.10_W2E4_T1.1_normal_20251009_140345,5eb4cd32a7c744d89f301e6eb9fd54cd,success_rate_recent_100,24000,1759990306072,0.48
single_R4.6.10_W2E4_T1.1_normal_20251009_140345,5eb4cd32a7c744d89f301e6eb9fd54cd,success_rate_recent_100,25500,1759990340703,0.45
single_R4.6.10_W2E4_T1.1_normal_20251009_140345,5eb4cd32a7c744d89f301e6eb9fd54cd,success_rate_recent_100,26500,1759990362485,0.45
single_R4.6.10_W2E4_T1.1_normal_20251009_140345,5eb4cd32a7c744d89f301e6eb9fd54cd,success_rate_recent_100,28000,1759990396520,0.46
single_R4.6.10_W2E4_T1.1_normal_20251009_140345,5eb4cd32a7c744d89f301e6eb9fd54cd,success_rate_recent_100,29000,1759990419460,0.45
single_R4.6.10_W2E4_T1.1_normal_20251009_140345,5eb4cd32a7c744d89f301e6eb9fd54cd,success_rate_recent_100,30500,1759990456881,0.46
single_R4.6.10_W2E4_T1.1_normal_20251009_140345,5eb4cd32a7c744d89f301e6eb9fd54cd,success_rate_recent_100,31500,1759990478738,0.52
single_R4.6.10_W2E4_T1.1_normal_20251009_140345,5eb4cd32a7c744d89f301e6eb9fd54cd,success_rate_recent_100,33000,1759990512741,0.57
single_R4.6.10_W2E4_T1.1_normal_20251009_140345,5eb4cd32a7c744d89f301e6eb9fd54cd,success_rate_recent_100,34000,1759990531018,0.57
single_R4.6.10_W2E4_T1.1_normal_20251009_140345,5eb4cd32a7c744d89f301e6eb9fd54cd,success_rate_recent_100,35500,1759990559334,0.57
single_R4.6.10_W2E4_T1.1_normal_20251009_140345,5eb4cd32a7c744d89f301e6eb9fd54cd,success_rate_recent_100,36500,1759990578804,0.56
single_R4.6.10_W2E4_T1.1_normal_20251009_140345,5eb4cd32a7c744d89f301e6eb9fd54cd,success_rate_recent_100,38000,1759990607343,0.57
single_R4.6.10_W2E4_T1.1_normal_20251009_140345,5eb4cd32a7c744d89f301e6eb9fd54cd,success_rate_recent_100,39000,1759990627424,0.57
single_R4.6.10_W2E4_T1.1_normal_20251009_140345,5eb4cd32a7c744d89f301e6eb9fd54cd,success_rate_recent_100,40500,1759990664886,0.56
single_R4.6.10_W2E4_T1.1_normal_20251009_140345,5eb4cd32a7c744d89f301e6eb9fd54cd,success_rate_recent_100,41500,1759990690337,0.58
single_R4.6.10_W2E4_T1.1_normal_20251009_140345,5eb4cd32a7c744d89f301e6eb9fd54cd,success_rate_recent_100,43000,1759990729558,0.58
single_R4.6.10_W2E4_T1.1_normal_20251009_140345,5eb4cd32a7c744d89f301e6eb9fd54cd,success_rate_recent_100,44000,1759990757820,0.58
single_R4.6.10_W2E4_T1.1_normal_20251009_140345,5eb4cd32a7c744d89f301e6eb9fd54cd,success_rate_recent_100,45500,1759990794907,0.63
single_R4.6.10_W2E4_T1.1_normal_20251009_140345,5eb4cd32a7c744d89f301e6eb9fd54cd,success_rate_recent_100,46500,1759990818929,0.67
single_R4.6.10_W2E4_T1.1_normal_20251009_140345,5eb4cd32a7c744d89f301e6eb9fd54cd,success_rate_recent_100,48000,1759990856620,0.71
single_R4.6.10_W2E4_T1.1_normal_20251009_140345,5eb4cd32a7c744d89f301e6eb9fd54cd,success_rate_recent_100,49000,1759990879580,0.71
single_R4.6.10_W2E4_T1.1_normal_20251009_140345,5eb4cd32a7c744d89f301e6eb9fd54cd,success_rate_recent_100,50500,1759990915145,0.68
single_R4.6.10_W2E4_T1.1_normal_20251009_140345,5eb4cd32a7c744d89f301e6eb9fd54cd,success_rate_recent_100,51500,1759990939196,0.71
single_R4.6.10_W2E4_T1.1_normal_20251009_140345,5eb4cd32a7c744d89f301e6eb9fd54cd,success_rate_recent_100,53000,1759990973754,0.73
single_R4.6.10_W2E4_T1.1_normal_20251009_140345,5eb4cd32a7c744d89f301e6eb9fd54cd,success_rate_recent_100,54000,1759990995579,0.72
single_R4.6.10_W2E4_T1.1_normal_20251009_140345,5eb4cd32a7c744d89f301e6eb9fd54cd,success_rate_recent_100,55500,1759991027289,0.72
single_R4.6.10_W2E4_T1.1_normal_20251009_140345,5eb4cd32a7c744d89f301e6eb9fd54cd,success_rate_recent_100,56500,1759991048214,0.69
single_R4.6.10_W2E4_T1.1_normal_20251009_140345,5eb4cd32a7c744d89f301e6eb9fd54cd,success_rate_recent_100,58000,1759991076799,0.68
single_R4.6.10_W2E4_T1.1_normal_20251009_140345,5eb4cd32a7c744d89f301e6eb9fd54cd,success_rate_recent_100,59000,1759991095243,0.67
single_R4.6.10_W2E4_T1.1_normal_20251009_140345,5eb4cd32a7c744d89f301e6eb9fd54cd,success_rate_recent_100,60500,1759991124208,0.7
single_R4.6.10_W2E4_T1.1_normal_20251009_140345,5eb4cd32a7c744d89f301e6eb9fd54cd,success_rate_recent_100,61500,1759991144159,0.69
single_R4.6.10_W2E4_T1.1_normal_20251009_140345,5eb4cd32a7c744d89f301e6eb9fd54cd,success_rate_recent_100,63000,1759991174077,0.68
single_R4.6.10_W2E4_T1.1_normal_20251009_140345,5eb4cd32a7c744d89f301e6eb9fd54cd,success_rate_recent_100,64000,1759991192889,0.69
single_R4.6.10_W2E4_T1.1_normal_20251009_140345,5eb4cd32a7c744d89f301e6eb9fd54cd,success_rate_recent_100,65500,1759991222439,0.66
single_R4.6.10_W2E4_T1.1_normal_20251009_140345,5eb4cd32a7c744d89f301e6eb9fd54cd,success_rate_recent_100,66500,1759991243044,0.63
single_R4.6.10_W2E4_T1.1_normal_20251009_140345,5eb4cd32a7c744d89f301e6eb9fd54cd,success_rate_recent_100,68000,1759991272357,0.62
single_R4.6.10_W2E4_T1.1_normal_20251009_140345,5eb4cd32a7c744d89f301e6eb9fd54cd,success_rate_recent_100,69000,1759991291974,0.66
single_R4.6.10_W2E4_T1.1_normal_20251009_140345,5eb4cd32a7c744d89f301e6eb9fd54cd,success_rate_recent_100,70500,1759991321820,0.67
single_R4.6.10_W2E4_T1.1_normal_20251009_140345,5eb4cd32a7c744d89f301e6eb9fd54cd,success_rate_recent_100,71500,1759991341310,0.66
single_R4.6.10_W2E4_T1.1_normal_20251009_140345,5eb4cd32a7c744d89f301e6eb9fd54cd,success_rate_recent_100,73000,1759991370927,0.69
single_R4.6.10_W2E4_T1.1_normal_20251009_140345,5eb4cd32a7c744d89f301e6eb9fd54cd,success_rate_recent_100,74000,1759991391216,0.7
single_R4.6.10_W2E4_T1.1_normal_20251009_140345,5eb4cd32a7c744d89f301e6eb9fd54cd,success_rate_recent_100,75500,1759991426878,0.73
single_R4.6.10_W2E4_T1.1_normal_20251009_140345,5eb4cd32a7c744d89f301e6eb9fd54cd,success_rate_recent_100,76500,1759991449928,0.76
single_R4.6.10_W2E4_T1.1_normal_20251009_140345,5eb4cd32a7c744d89f301e6eb9fd54cd,success_rate_recent_100,78000,1759991485091,0.75
single_R4.6.10_W2E4_T1.1_normal_20251009_140345,5eb4cd32a7c744d89f301e6eb9fd54cd,success_rate_recent_100,79000,1759991508684,0.75
single_R4.6.10_W2E4_T1.1_normal_20251009_140345,5eb4cd32a7c744d89f301e6eb9fd54cd,success_rate_recent_100,80500,1759991549108,0.77
single_R4.6.10_W2E4_T1.1_normal_20251009_140345,5eb4cd32a7c744d89f301e6eb9fd54cd,success_rate_recent_100,81500,1759991575453,0.8
single_R4.6.10_W2E4_T1.1_normal_20251009_140345,5eb4cd32a7c744d89f301e6eb9fd54cd,success_rate_recent_100,83000,1759991612589,0.78
single_R4.6.10_W2E4_T1.1_normal_20251009_140345,5eb4cd32a7c744d89f301e6eb9fd54cd,success_rate_recent_100,84000,1759991639082,0.77
single_R4.6.10_W2E4_T1.1_normal_20251009_140345,5eb4cd32a7c744d89f301e6eb9fd54cd,success_rate_recent_100,85500,1759991679753,0.77
single_R4.6.10_W2E4_T1.1_normal_20251009_140345,5eb4cd32a7c744d89f301e6eb9fd54cd,success_rate_recent_100,86500,1759991706623,0.79
single_R4.6.10_W2E4_T1.1_normal_20251009_140345,5eb4cd32a7c744d89f301e6eb9fd54cd,success_rate_recent_100,88000,1759991741136,0.81
single_R4.6.10_W2E4_T1.1_normal_20251009_140345,5eb4cd32a7c744d89f301e6eb9fd54cd,success_rate_recent_100,89000,1759991763869,0.83
single_R4.6.10_W2E4_T1.1_normal_20251009_140345,5eb4cd32a7c744d89f301e6eb9fd54cd,success_rate_recent_100,90500,1759991805026,0.82
single_R4.6.10_W2E4_T1.1_normal_20251009_140345,5eb4cd32a7c744d89f301e6eb9fd54cd,success_rate_recent_100,91500,1759991830301,0.81
single_R4.6.10_W2E4_T1.1_normal_20251009_140345,5eb4cd32a7c744d89f301e6eb9fd54cd,success_rate_recent_100,93000,1759991870039,0.81
single_R4.6.10_W2E4_T1.1_normal_20251009_140345,5eb4cd32a7c744d89f301e6eb9fd54cd,success_rate_recent_100,94000,1759991899144,0.84
single_R4.6.10_W2E4_T1.1_normal_20251009_140345,5eb4cd32a7c744d89f301e6eb9fd54cd,success_rate_recent_100,95500,1759991937070,0.83
single_R4.6.10_W2E4_T1.1_normal_20251009_140345,5eb4cd32a7c744d89f301e6eb9fd54cd,success_rate_recent_100,96500,1759991962865,0.84
single_R4.6.10_W2E4_T1.1_normal_20251009_140345,5eb4cd32a7c744d89f301e6eb9fd54cd,success_rate_recent_100,98000,1759992000101,0.85
single_R4.6.10_W2E4_T1.1_normal_20251009_140345,5eb4cd32a7c744d89f301e6eb9fd54cd,success_rate_recent_100,99000,1759992025220,0.86
single_R4.6.10_W2E4_T1.1_normal_20251009_140345,5eb4cd32a7c744d89f301e6eb9fd54cd,success_rate_recent_100,100500,1759992062308,0.89
single_R4.6.10_W2E4_T1.1_normal_20251009_140345,5eb4cd32a7c744d89f301e6eb9fd54cd,success_rate_recent_100,101500,1759992087879,0.88
single_R4.6.10_W2E4_T1.1_normal_20251009_140345,5eb4cd32a7c744d89f301e6eb9fd54cd,success_rate_recent_100,103000,1759992122889,0.89
single_R4.6.10_W2E4_T1.1_normal_20251009_140345,5eb4cd32a7c744d89f301e6eb9fd54cd,success_rate_recent_100,104000,1759992147735,0.89
single_R4.6.10_W2E4_T1.1_normal_20251009_140345,5eb4cd32a7c744d89f301e6eb9fd54cd,success_rate_recent_100,105500,1759992184433,0.91
single_R4.6.10_W2E4_T1.1_normal_20251009_140345,5eb4cd32a7c744d89f301e6eb9fd54cd,success_rate_recent_100,106500,1759992206867,0.94
single_R4.6.10_W2E4_T1.1_normal_20251009_140345,5eb4cd32a7c744d89f301e6eb9fd54cd,success_rate_recent_100,108000,1759992240205,0.94
single_R4.6.10_W2E4_T1.1_normal_20251009_140345,5eb4cd32a7c744d89f301e6eb9fd54cd,success_rate_recent_100,109000,1759992261923,0.95
single_R4.6.10_W2E4_T1.1_normal_20251009_140345,5eb4cd32a7c744d89f301e6eb9fd54cd,success_rate_recent_100,110500,1759992295241,0.95
single_R4.6.10_W2E4_T1.1_normal_20251009_140345,5eb4cd32a7c744d89f301e6eb9fd54cd,success_rate_recent_100,111500,1759992317781,0.93
single_R4.6.10_W2E4_T1.1_normal_20251009_140345,5eb4cd32a7c744d89f301e6eb9fd54cd,success_rate_recent_100,113000,1759992351624,0.94
single_R4.6.10_W2E4_T1.1_normal_20251009_140345,5eb4cd32a7c744d89f301e6eb9fd54cd,success_rate_recent_100,114000,1759992374181,0.94
single_R4.6.10_W2E4_T1.1_normal_20251009_140345,5eb4cd32a7c744d89f301e6eb9fd54cd,success_rate_recent_100,115500,1759992407044,0.94
single_R4.6.10_W2E4_T1.1_normal_20251009_140345,5eb4cd32a7c744d89f301e6eb9fd54cd,success_rate_recent_100,116500,1759992429775,0.95
single_R4.6.10_W2E4_T1.1_normal_20251009_140345,5eb4cd32a7c744d89f301e6eb9fd54cd,success_rate_recent_100,118000,1759992463184,0.95
single_R4.6.10_W2E4_T1.1_normal_20251009_140345,5eb4cd32a7c744d89f301e6eb9fd54cd,success_rate_recent_100,119000,1759992484898,0.95
single_R4.6.10_W2E4_T1.1_normal_20251009_140345,5eb4cd32a7c744d89f301e6eb9fd54cd,success_rate_recent_100,120500,1759992518043,0.97
single_R4.6.10_W2E4_T1.1_normal_20251009_140345,5eb4cd32a7c744d89f301e6eb9fd54cd,success_rate_recent_100,121500,1759992540760,0.98
single_R4.6.10_W2E4_T1.1_normal_20251009_140345,5eb4cd32a7c744d89f301e6eb9fd54cd,success_rate_recent_100,123000,1759992573638,0.96
single_R4.6.10_W2E4_T1.1_normal_20251009_140345,5eb4cd32a7c744d89f301e6eb9fd54cd,success_rate_recent_100,124000,1759992596334,0.96
single_R4.6.10_W2E4_T1.1_normal_20251009_140345,5eb4cd32a7c744d89f301e6eb9fd54cd,success_rate_recent_100,125500,1759992629592,0.96
single_R4.6.10_W2E4_T1.1_normal_20251009_140345,5eb4cd32a7c744d89f301e6eb9fd54cd,success_rate_recent_100,126500,1759992651836,0.97
single_R4.6.10_W2E4_T1.1_normal_20251009_140345,5eb4cd32a7c744d89f301e6eb9fd54cd,success_rate_recent_100,128000,1759992684796,0.97
single_R4.6.10_W2E4_T1.1_normal_20251009_140345,5eb4cd32a7c744d89f301e6eb9fd54cd,success_rate_recent_100,129000,1759992707200,0.97
single_R4.6.10_W2E4_T1.1_normal_20251009_140345,5eb4cd32a7c744d89f301e6eb9fd54cd,success_rate_recent_100,130500,1759992740614,0.99
single_R4.6.10_W2E4_T1.1_normal_20251009_140345,5eb4cd32a7c744d89f301e6eb9fd54cd,success_rate_recent_100,131500,1759992763044,1
single_R4.6.10_W2E4_T1.1_normal_20251009_140345,5eb4cd32a7c744d89f301e6eb9fd54cd,success_rate_recent_100,133000,1759992796655,1
single_R4.6.10_W2E4_T1.1_normal_20251009_140345,5eb4cd32a7c744d89f301e6eb9fd54cd,success_rate_recent_100,134000,1759992819102,0.99
single_R4.6.10_W2E4_T1.1_normal_20251009_140345,5eb4cd32a7c744d89f301e6eb9fd54cd,success_rate_recent_100,135500,1759992852664,0.99
single_R4.6.10_W2E4_T1.1_normal_20251009_140345,5eb4cd32a7c744d89f301e6eb9fd54cd,success_rate_recent_100,136500,1759992874190,0.99
single_R4.6.10_W2E4_T1.1_normal_20251009_140345,5eb4cd32a7c744d89f301e6eb9fd54cd,success_rate_recent_100,138000,1759992904362,0.99
single_R4.6.10_W2E4_T1.1_normal_20251009_140345,5eb4cd32a7c744d89f301e6eb9fd54cd,success_rate_recent_100,139000,1759992922615,0.98
single_R4.6.10_W2E4_T1.1_normal_20251009_140345,5eb4cd32a7c744d89f301e6eb9fd54cd,success_rate_recent_100,140500,1759992950572,0.96
single_R4.6.10_W2E4_T1.1_normal_20251009_140345,5eb4cd32a7c744d89f301e6eb9fd54cd,success_rate_recent_100,141500,1759992969354,0.96
single_R4.6.10_W2E4_T1.1_normal_20251009_140345,5eb4cd32a7c744d89f301e6eb9fd54cd,success_rate_recent_100,143000,1759992996973,0.97
single_R4.6.10_W2E4_T1.1_normal_20251009_140345,5eb4cd32a7c744d89f301e6eb9fd54cd,success_rate_recent_100,144000,1759993015454,0.96
single_R4.6.10_W2E4_T1.1_normal_20251009_140345,5eb4cd32a7c744d89f301e6eb9fd54cd,success_rate_recent_100,145500,1759993043794,0.96
single_R4.6.10_W2E4_T1.1_normal_20251009_140345,5eb4cd32a7c744d89f301e6eb9fd54cd,success_rate_recent_100,146500,1759993062774,0.96
single_R4.6.10_W2E4_T1.1_normal_20251009_140345,5eb4cd32a7c744d89f301e6eb9fd54cd,success_rate_recent_100,148000,1759993090677,0.97
single_R4.6.10_W2E4_T1.1_normal_20251009_140345,5eb4cd32a7c744d89f301e6eb9fd54cd,success_rate_recent_100,149000,1759993109604,0.97
single_R4.6.10_W2E4_T1.1_normal_20251009_140345,5eb4cd32a7c744d89f301e6eb9fd54cd,success_rate_recent_100,150500,1759993133464,0.98
single_R4.6.10_W2E4_T1.1_normal_20251009_140345,5eb4cd32a7c744d89f301e6eb9fd54cd,success_rate_recent_100,151500,1759993149405,0.97
single_R4.6.10_W2E4_T1.1_normal_20251009_140345,5eb4cd32a7c744d89f301e6eb9fd54cd,success_rate_recent_100,153000,1759993172883,0.98
single_R4.6.10_W2E4_T1.1_normal_20251009_140345,5eb4cd32a7c744d89f301e6eb9fd54cd,success_rate_recent_100,154000,1759993188338,0.97
single_R4.6.10_W2E4_T1.1_normal_20251009_140345,5eb4cd32a7c744d89f301e6eb9fd54cd,success_rate_recent_100,155500,1759993211264,0.97
single_R4.6.10_W2E4_T1.1_normal_20251009_140345,5eb4cd32a7c744d89f301e6eb9fd54cd,success_rate_recent_100,156500,1759993227169,0.97
single_R4.6.10_W2E4_T1.1_normal_20251009_140345,5eb4cd32a7c744d89f301e6eb9fd54cd,success_rate_recent_100,158000,1759993250479,0.96
single_R4.6.10_W2E4_T1.1_normal_20251009_140345,5eb4cd32a7c744d89f301e6eb9fd54cd,success_rate_recent_100,159000,1759993265781,0.97
single_R4.6.10_W2E4_T1.1_normal_20251009_140345,5eb4cd32a7c744d89f301e6eb9fd54cd,success_rate_recent_100,160000,1759993280985,0.96
single_R4.6.10_W2E4_Fragile_T2.1_20251009_135707,a06aa22ba6cf48ed8806fc9eef683202,success_rate_recent_100,500,1759989439246,0
single_R4.6.10_W2E4_Fragile_T2.1_20251009_135707,a06aa22ba6cf48ed8806fc9eef683202,success_rate_recent_100,1500,1759989452769,0
single_R4.6.10_W2E4_Fragile_T2.1_20251009_135707,a06aa22ba6cf48ed8806fc9eef683202,success_rate_recent_100,3000,1759989477790,0
single_R4.6.10_W2E4_Fragile_T2.1_20251009_135707,a06aa22ba6cf48ed8806fc9eef683202,success_rate_recent_100,4000,1759989494543,0
single_R4.6.10_W2E4_Fragile_T2.1_20251009_135707,a06aa22ba6cf48ed8806fc9eef683202,success_rate_recent_100,5500,1759989519024,0.013888888888889
single_R4.6.10_W2E4_Fragile_T2.1_20251009_135707,a06aa22ba6cf48ed8806fc9eef683202,success_rate_recent_100,6500,1759989534156,0.013157894736842
single_R4.6.10_W2E4_Fragile_T2.1_20251009_135707,a06aa22ba6cf48ed8806fc9eef683202,success_rate_recent_100,8000,1759989556783,0.011904761904762
single_R4.6.10_W2E4_Fragile_T2.1_20251009_135707,a06aa22ba6cf48ed8806fc9eef683202,success_rate_recent_100,9000,1759989572926,0.011363636363636
single_R4.6.10_W2E4_Fragile_T2.1_20251009_135707,a06aa22ba6cf48ed8806fc9eef683202,success_rate_recent_100,10500,1759989595314,0.010638297872341
single_R4.6.10_W2E4_Fragile_T2.1_20251009_135707,a06aa22ba6cf48ed8806fc9eef683202,success_rate_recent_100,11500,1759989612227,0.010204081632653
single_R4.6.10_W2E4_Fragile_T2.1_20251009_135707,a06aa22ba6cf48ed8806fc9eef683202,success_rate_recent_100,13000,1759989635801,0.04
single_R4.6.10_W2E4_Fragile_T2.1_20251009_135707,a06aa22ba6cf48ed8806fc9eef683202,success_rate_recent_100,14000,1759989650582,0.07
single_R4.6.10_W2E4_Fragile_T2.1_20251009_135707,a06aa22ba6cf48ed8806fc9eef683202,success_rate_recent_100,15500,1759989675531,0.14
single_R4.6.10_W2E4_Fragile_T2.1_20251009_135707,a06aa22ba6cf48ed8806fc9eef683202,success_rate_recent_100,16500,1759989690206,0.16
single_R4.6.10_W2E4_Fragile_T2.1_20251009_135707,a06aa22ba6cf48ed8806fc9eef683202,success_rate_recent_100,18000,1759989713412,0.24
single_R4.6.10_W2E4_Fragile_T2.1_20251009_135707,a06aa22ba6cf48ed8806fc9eef683202,success_rate_recent_100,19000,1759989731389,0.28
single_R4.6.10_W2E4_Fragile_T2.1_20251009_135707,a06aa22ba6cf48ed8806fc9eef683202,success_rate_recent_100,20500,1759989764516,0.43
single_R4.6.10_W2E4_Fragile_T2.1_20251009_135707,a06aa22ba6cf48ed8806fc9eef683202,success_rate_recent_100,21500,1759989784432,0.56
single_R4.6.10_W2E4_Fragile_T2.1_20251009_135707,a06aa22ba6cf48ed8806fc9eef683202,success_rate_recent_100,23000,1759989812315,0.75
single_R4.6.10_W2E4_Fragile_T2.1_20251009_135707,a06aa22ba6cf48ed8806fc9eef683202,success_rate_recent_100,24000,1759989829880,0.75
single_R4.6.10_W2E4_Fragile_T2.1_20251009_135707,a06aa22ba6cf48ed8806fc9eef683202,success_rate_recent_100,25500,1759989864808,0.75
single_R4.6.10_W2E4_Fragile_T2.1_20251009_135707,a06aa22ba6cf48ed8806fc9eef683202,success_rate_recent_100,26500,1759989887715,0.74
single_R4.6.10_W2E4_Fragile_T2.1_20251009_135707,a06aa22ba6cf48ed8806fc9eef683202,success_rate_recent_100,28000,1759989918700,0.68
single_R4.6.10_W2E4_Fragile_T2.1_20251009_135707,a06aa22ba6cf48ed8806fc9eef683202,success_rate_recent_100,29000,1759989937052,0.65
single_R4.6.10_W2E4_Fragile_T2.1_20251009_135707,a06aa22ba6cf48ed8806fc9eef683202,success_rate_recent_100,30500,1759989965357,0.65
single_R4.6.10_W2E4_Fragile_T2.1_20251009_135707,a06aa22ba6cf48ed8806fc9eef683202,success_rate_recent_100,31500,1759989984231,0.71
single_R4.6.10_W2E4_Fragile_T2.1_20251009_135707,a06aa22ba6cf48ed8806fc9eef683202,success_rate_recent_100,33000,1759990015172,0.8
single_R4.6.10_W2E4_Fragile_T2.1_20251009_135707,a06aa22ba6cf48ed8806fc9eef683202,success_rate_recent_100,34000,1759990038549,0.88
single_R4.6.10_W2E4_Fragile_T2.1_20251009_135707,a06aa22ba6cf48ed8806fc9eef683202,success_rate_recent_100,35500,1759990070879,0.98
single_R4.6.10_W2E4_Fragile_T2.1_20251009_135707,a06aa22ba6cf48ed8806fc9eef683202,success_rate_recent_100,36500,1759990091030,1
single_R4.6.10_W2E4_Fragile_T2.1_20251009_135707,a06aa22ba6cf48ed8806fc9eef683202,success_rate_recent_100,38000,1759990122734,1
single_R4.6.10_W2E4_Fragile_T2.1_20251009_135707,a06aa22ba6cf48ed8806fc9eef683202,success_rate_recent_100,39000,1759990144233,1
single_R4.6.10_W2E4_Fragile_T2.1_20251009_135707,a06aa22ba6cf48ed8806fc9eef683202,success_rate_recent_100,40500,1759990173733,1
single_R4.6.10_W2E4_Fragile_T2.1_20251009_135707,a06aa22ba6cf48ed8806fc9eef683202,success_rate_recent_100,41500,1759990195106,1
single_R4.6.10_W2E4_Fragile_T2.1_20251009_135707,a06aa22ba6cf48ed8806fc9eef683202,success_rate_recent_100,43000,1759990225931,1
single_R4.6.10_W2E4_Fragile_T2.1_20251009_135707,a06aa22ba6cf48ed8806fc9eef683202,success_rate_recent_100,44000,1759990249222,1
single_R4.6.10_W2E4_Fragile_T2.1_20251009_135707,a06aa22ba6cf48ed8806fc9eef683202,success_rate_recent_100,45500,1759990284123,1
single_R4.6.10_W2E4_Fragile_T2.1_20251009_135707,a06aa22ba6cf48ed8806fc9eef683202,success_rate_recent_100,46500,1759990306425,1
single_R4.6.10_W2E4_Fragile_T2.1_20251009_135707,a06aa22ba6cf48ed8806fc9eef683202,success_rate_recent_100,48000,1759990342397,1
single_R4.6.10_W2E4_Fragile_T2.1_20251009_135707,a06aa22ba6cf48ed8806fc9eef683202,success_rate_recent_100,49000,1759990366261,1
single_R4.6.10_W2E4_Fragile_T2.1_20251009_135707,a06aa22ba6cf48ed8806fc9eef683202,success_rate_recent_100,50500,1759990401572,1
single_R4.6.10_W2E4_Fragile_T2.1_20251009_135707,a06aa22ba6cf48ed8806fc9eef683202,success_rate_recent_100,51500,1759990426647,1
single_R4.6.10_W2E4_Fragile_T2.1_20251009_135707,a06aa22ba6cf48ed8806fc9eef683202,success_rate_recent_100,53000,1759990464952,1
single_R4.6.10_W2E4_Fragile_T2.1_20251009_135707,a06aa22ba6cf48ed8806fc9eef683202,success_rate_recent_100,54000,1759990487499,1
single_R4.6.10_W2E4_Fragile_T2.1_20251009_135707,a06aa22ba6cf48ed8806fc9eef683202,success_rate_recent_100,55500,1759990522155,0.95
single_R4.6.10_W2E4_Fragile_T2.1_20251009_135707,a06aa22ba6cf48ed8806fc9eef683202,success_rate_recent_100,56500,1759990542277,0.91
single_R4.6.10_W2E4_Fragile_T2.1_20251009_135707,a06aa22ba6cf48ed8806fc9eef683202,success_rate_recent_100,58000,1759990573389,0.81
single_R4.6.10_W2E4_Fragile_T2.1_20251009_135707,a06aa22ba6cf48ed8806fc9eef683202,success_rate_recent_100,59000,1759990594685,0.75
single_R4.6.10_W2E4_Fragile_T2.1_20251009_135707,a06aa22ba6cf48ed8806fc9eef683202,success_rate_recent_100,60500,1759990625613,0.65
single_R4.6.10_W2E4_Fragile_T2.1_20251009_135707,a06aa22ba6cf48ed8806fc9eef683202,success_rate_recent_100,61500,1759990650645,0.61
single_R4.6.10_W2E4_Fragile_T2.1_20251009_135707,a06aa22ba6cf48ed8806fc9eef683202,success_rate_recent_100,63000,1759990690728,0.63
single_R4.6.10_W2E4_Fragile_T2.1_20251009_135707,a06aa22ba6cf48ed8806fc9eef683202,success_rate_recent_100,64000,1759990718320,0.63
single_R4.6.10_W2E4_Fragile_T2.1_20251009_135707,a06aa22ba6cf48ed8806fc9eef683202,success_rate_recent_100,65500,1759990758936,0.67
single_R4.6.10_W2E4_Fragile_T2.1_20251009_135707,a06aa22ba6cf48ed8806fc9eef683202,success_rate_recent_100,66500,1759990782793,0.7
single_R4.6.10_W2E4_Fragile_T2.1_20251009_135707,a06aa22ba6cf48ed8806fc9eef683202,success_rate_recent_100,68000,1759990818192,0.75
single_R4.6.10_W2E4_Fragile_T2.1_20251009_135707,a06aa22ba6cf48ed8806fc9eef683202,success_rate_recent_100,69000,1759990844275,0.75
single_R4.6.10_W2E4_Fragile_T2.1_20251009_135707,a06aa22ba6cf48ed8806fc9eef683202,success_rate_recent_100,70500,1759990877641,0.73
single_R4.6.10_W2E4_Fragile_T2.1_20251009_135707,a06aa22ba6cf48ed8806fc9eef683202,success_rate_recent_100,71500,1759990900936,0.76
single_R4.6.10_W2E4_Fragile_T2.1_20251009_135707,a06aa22ba6cf48ed8806fc9eef683202,success_rate_recent_100,73000,1759990934120,0.72
single_R4.6.10_W2E4_Fragile_T2.1_20251009_135707,a06aa22ba6cf48ed8806fc9eef683202,success_rate_recent_100,74000,1759990956636,0.73
single_R4.6.10_W2E4_Fragile_T2.1_20251009_135707,a06aa22ba6cf48ed8806fc9eef683202,success_rate_recent_100,75500,1759990989013,0.71
single_R4.6.10_W2E4_Fragile_T2.1_20251009_135707,a06aa22ba6cf48ed8806fc9eef683202,success_rate_recent_100,76500,1759991009032,0.68
single_R4.6.10_W2E4_Fragile_T2.1_20251009_135707,a06aa22ba6cf48ed8806fc9eef683202,success_rate_recent_100,78000,1759991042564,0.65
single_R4.6.10_W2E4_Fragile_T2.1_20251009_135707,a06aa22ba6cf48ed8806fc9eef683202,success_rate_recent_100,79000,1759991062130,0.67
single_R4.6.10_W2E4_Fragile_T2.1_20251009_135707,a06aa22ba6cf48ed8806fc9eef683202,success_rate_recent_100,80500,1759991091353,0.66
single_R4.6.10_W2E4_Fragile_T2.1_20251009_135707,a06aa22ba6cf48ed8806fc9eef683202,success_rate_recent_100,81500,1759991110601,0.71
single_R4.6.10_W2E4_Fragile_T2.1_20251009_135707,a06aa22ba6cf48ed8806fc9eef683202,success_rate_recent_100,83000,1759991139398,0.75
single_R4.6.10_W2E4_Fragile_T2.1_20251009_135707,a06aa22ba6cf48ed8806fc9eef683202,success_rate_recent_100,84000,1759991158935,0.78
single_R4.6.10_W2E4_Fragile_T2.1_20251009_135707,a06aa22ba6cf48ed8806fc9eef683202,success_rate_recent_100,85500,1759991188161,0.79
single_R4.6.10_W2E4_Fragile_T2.1_20251009_135707,a06aa22ba6cf48ed8806fc9eef683202,success_rate_recent_100,86500,1759991208175,0.81
single_R4.6.10_W2E4_Fragile_T2.1_20251009_135707,a06aa22ba6cf48ed8806fc9eef683202,success_rate_recent_100,88000,1759991237323,0.86
single_R4.6.10_W2E4_Fragile_T2.1_20251009_135707,a06aa22ba6cf48ed8806fc9eef683202,success_rate_recent_100,89000,1759991256316,0.82
single_R4.6.10_W2E4_Fragile_T2.1_20251009_135707,a06aa22ba6cf48ed8806fc9eef683202,success_rate_recent_100,90500,1759991285472,0.85
single_R4.6.10_W2E4_Fragile_T2.1_20251009_135707,a06aa22ba6cf48ed8806fc9eef683202,success_rate_recent_100,91500,1759991305378,0.84
single_R4.6.10_W2E4_Fragile_T2.1_20251009_135707,a06aa22ba6cf48ed8806fc9eef683202,success_rate_recent_100,93000,1759991334718,0.8
single_R4.6.10_W2E4_Fragile_T2.1_20251009_135707,a06aa22ba6cf48ed8806fc9eef683202,success_rate_recent_100,94000,1759991354223,0.8
single_R4.6.10_W2E4_Fragile_T2.1_20251009_135707,a06aa22ba6cf48ed8806fc9eef683202,success_rate_recent_100,95500,1759991383682,0.81
single_R4.6.10_W2E4_Fragile_T2.1_20251009_135707,a06aa22ba6cf48ed8806fc9eef683202,success_rate_recent_100,96500,1759991404980,0.81
single_R4.6.10_W2E4_Fragile_T2.1_20251009_135707,a06aa22ba6cf48ed8806fc9eef683202,success_rate_recent_100,98000,1759991440664,0.85
single_R4.6.10_W2E4_Fragile_T2.1_20251009_135707,a06aa22ba6cf48ed8806fc9eef683202,success_rate_recent_100,99000,1759991463582,0.86
single_R4.6.10_W2E4_Fragile_T2.1_20251009_135707,a06aa22ba6cf48ed8806fc9eef683202,success_rate_recent_100,100500,1759991497410,0.86
single_R4.6.10_W2E4_Fragile_T2.1_20251009_135707,a06aa22ba6cf48ed8806fc9eef683202,success_rate_recent_100,101500,1759991520431,0.83
single_R4.6.10_W2E4_Fragile_T2.1_20251009_135707,a06aa22ba6cf48ed8806fc9eef683202,success_rate_recent_100,103000,1759991562296,0.86
single_R4.6.10_W2E4_Fragile_T2.1_20251009_135707,a06aa22ba6cf48ed8806fc9eef683202,success_rate_recent_100,104000,1759991586406,0.87
single_R4.6.10_W2E4_Fragile_T2.1_20251009_135707,a06aa22ba6cf48ed8806fc9eef683202,success_rate_recent_100,105500,1759991623701,0.86
single_R4.6.10_W2E4_Fragile_T2.1_20251009_135707,a06aa22ba6cf48ed8806fc9eef683202,success_rate_recent_100,106500,1759991649823,0.88
single_R4.6.10_W2E4_Fragile_T2.1_20251009_135707,a06aa22ba6cf48ed8806fc9eef683202,success_rate_recent_100,108000,1759991690764,0.89
single_R4.6.10_W2E4_Fragile_T2.1_20251009_135707,a06aa22ba6cf48ed8806fc9eef683202,success_rate_recent_100,109000,1759991714849,0.88
single_R4.6.10_W2E4_Fragile_T2.1_20251009_135707,a06aa22ba6cf48ed8806fc9eef683202,success_rate_recent_100,110500,1759991748857,0.89
single_R4.6.10_W2E4_Fragile_T2.1_20251009_135707,a06aa22ba6cf48ed8806fc9eef683202,success_rate_recent_100,111500,1759991775581,0.93
single_R4.6.10_W2E4_Fragile_T2.1_20251009_135707,a06aa22ba6cf48ed8806fc9eef683202,success_rate_recent_100,113000,1759991815319,0.89
single_R4.6.10_W2E4_Fragile_T2.1_20251009_135707,a06aa22ba6cf48ed8806fc9eef683202,success_rate_recent_100,114000,1759991840216,0.88
single_R4.6.10_W2E4_Fragile_T2.1_20251009_135707,a06aa22ba6cf48ed8806fc9eef683202,success_rate_recent_100,115500,1759991879313,0.89
single_R4.6.10_W2E4_Fragile_T2.1_20251009_135707,a06aa22ba6cf48ed8806fc9eef683202,success_rate_recent_100,116500,1759991906795,0.88
single_R4.6.10_W2E4_Fragile_T2.1_20251009_135707,a06aa22ba6cf48ed8806fc9eef683202,success_rate_recent_100,118000,1759991944906,0.88
single_R4.6.10_W2E4_Fragile_T2.1_20251009_135707,a06aa22ba6cf48ed8806fc9eef683202,success_rate_recent_100,119000,1759991970812,0.86
single_R4.6.10_W2E4_Fragile_T2.1_20251009_135707,a06aa22ba6cf48ed8806fc9eef683202,success_rate_recent_100,120500,1759992008951,0.86
single_R4.6.10_W2E4_Fragile_T2.1_20251009_135707,a06aa22ba6cf48ed8806fc9eef683202,success_rate_recent_100,121500,1759992033507,0.86
single_R4.6.10_W2E4_Fragile_T2.1_20251009_135707,a06aa22ba6cf48ed8806fc9eef683202,success_rate_recent_100,123000,1759992071583,0.89
single_R4.6.10_W2E4_Fragile_T2.1_20251009_135707,a06aa22ba6cf48ed8806fc9eef683202,success_rate_recent_100,124000,1759992094848,0.9
single_R4.6.10_W2E4_Fragile_T2.1_20251009_135707,a06aa22ba6cf48ed8806fc9eef683202,success_rate_recent_100,125500,1759992130118,0.92
single_R4.6.10_W2E4_Fragile_T2.1_20251009_135707,a06aa22ba6cf48ed8806fc9eef683202,success_rate_recent_100,126500,1759992154547,0.93
single_R4.6.10_W2E4_Fragile_T2.1_20251009_135707,a06aa22ba6cf48ed8806fc9eef683202,success_rate_recent_100,128000,1759992189719,0.95
single_R4.6.10_W2E4_Fragile_T2.1_20251009_135707,a06aa22ba6cf48ed8806fc9eef683202,success_rate_recent_100,129000,1759992211427,0.96
single_R4.6.10_W2E4_Fragile_T2.1_20251009_135707,a06aa22ba6cf48ed8806fc9eef683202,success_rate_recent_100,130500,1759992244134,0.97
single_R4.6.10_W2E4_Fragile_T2.1_20251009_135707,a06aa22ba6cf48ed8806fc9eef683202,success_rate_recent_100,131500,1759992265368,0.96
single_R4.6.10_W2E4_Fragile_T2.1_20251009_135707,a06aa22ba6cf48ed8806fc9eef683202,success_rate_recent_100,133000,1759992298376,0.97
single_R4.6.10_W2E4_Fragile_T2.1_20251009_135707,a06aa22ba6cf48ed8806fc9eef683202,success_rate_recent_100,134000,1759992319845,0.97
single_R4.6.10_W2E4_Fragile_T2.1_20251009_135707,a06aa22ba6cf48ed8806fc9eef683202,success_rate_recent_100,135500,1759992352318,0.95
single_R4.6.10_W2E4_Fragile_T2.1_20251009_135707,a06aa22ba6cf48ed8806fc9eef683202,success_rate_recent_100,136500,1759992374161,0.95
single_R4.6.10_W2E4_Fragile_T2.1_20251009_135707,a06aa22ba6cf48ed8806fc9eef683202,success_rate_recent_100,138000,1759992406684,0.95
single_R4.6.10_W2E4_Fragile_T2.1_20251009_135707,a06aa22ba6cf48ed8806fc9eef683202,success_rate_recent_100,139000,1759992428269,0.96
single_R4.6.10_W2E4_Fragile_T2.1_20251009_135707,a06aa22ba6cf48ed8806fc9eef683202,success_rate_recent_100,140500,1759992460705,0.96
single_R4.6.10_W2E4_Fragile_T2.1_20251009_135707,a06aa22ba6cf48ed8806fc9eef683202,success_rate_recent_100,141500,1759992482778,0.97
single_R4.6.10_W2E4_Fragile_T2.1_20251009_135707,a06aa22ba6cf48ed8806fc9eef683202,success_rate_recent_100,143000,1759992515238,0.97
single_R4.6.10_W2E4_Fragile_T2.1_20251009_135707,a06aa22ba6cf48ed8806fc9eef683202,success_rate_recent_100,144000,1759992537028,0.98
single_R4.6.10_W2E4_Fragile_T2.1_20251009_135707,a06aa22ba6cf48ed8806fc9eef683202,success_rate_recent_100,145500,1759992569230,1
single_R4.6.10_W2E4_Fragile_T2.1_20251009_135707,a06aa22ba6cf48ed8806fc9eef683202,success_rate_recent_100,146500,1759992590636,1
single_R4.6.10_W2E4_Fragile_T2.1_20251009_135707,a06aa22ba6cf48ed8806fc9eef683202,success_rate_recent_100,148000,1759992623468,1
single_R4.6.10_W2E4_Fragile_T2.1_20251009_135707,a06aa22ba6cf48ed8806fc9eef683202,success_rate_recent_100,149000,1759992645643,0.99
single_R4.6.10_W2E4_Fragile_T2.1_20251009_135707,a06aa22ba6cf48ed8806fc9eef683202,success_rate_recent_100,150500,1759992677436,0.99
single_R4.6.10_W2E4_Fragile_T2.1_20251009_135707,a06aa22ba6cf48ed8806fc9eef683202,success_rate_recent_100,151500,1759992699399,0.99
single_R4.6.10_W2E4_Fragile_T2.1_20251009_135707,a06aa22ba6cf48ed8806fc9eef683202,success_rate_recent_100,153000,1759992731935,0.98
single_R4.6.10_W2E4_Fragile_T2.1_20251009_135707,a06aa22ba6cf48ed8806fc9eef683202,success_rate_recent_100,154000,1759992753361,0.97
single_R4.6.10_W2E4_Fragile_T2.1_20251009_135707,a06aa22ba6cf48ed8806fc9eef683202,success_rate_recent_100,155500,1759992785916,0.97
single_R4.6.10_W2E4_Fragile_T2.1_20251009_135707,a06aa22ba6cf48ed8806fc9eef683202,success_rate_recent_100,156500,1759992807626,0.97
single_R4.6.10_W2E4_Fragile_T2.1_20251009_135707,a06aa22ba6cf48ed8806fc9eef683202,success_rate_recent_100,158000,1759992840378,0.98
single_R4.6.10_W2E4_Fragile_T2.1_20251009_135707,a06aa22ba6cf48ed8806fc9eef683202,success_rate_recent_100,159000,1759992862304,0.98
single_R4.6.10_W2E4_Fragile_T2.1_20251009_135707,a06aa22ba6cf48ed8806fc9eef683202,success_rate_recent_100,160000,1759992883581,0.98
